MapX,MapY,DataMapX,DataMapY,OutsiderRing,Bin,AxisPosX,AxisPosY,PosX,PosY,Similar,SizeX,sizeY
-8,-44,-8,-44,0,1,-28.232,-139.656,-28.232,-139.656,1,3.529,3.174
-7,-44,-7,-44,0,1,-24.703,-139.656,-24.703,-139.656,1,3.529,3.174
-6,-44,-6,-44,0,1,-21.174,-139.656,-21.174,-139.656,1,3.529,3.174
-5,-44,-5,-44,0,1,-17.645,-139.656,-17.645,-139.656,1,3.529,3.174
-4,-44,-4,-44,0,1,-14.116,-139.656,-14.116,-139.656,1,3.529,3.174
-3,-44,-3,-44,0,1,-10.587,-139.656,-10.587,-139.656,1,3.529,3.174
-2,-44,-2,-44,0,1,-7.058,-139.656,-7.058,-139.656,1,3.529,3.174
-1,-44,-1,-44,0,1,-3.529,-139.656,-3.529,-139.656,1,3.529,3.174
0,-44,0,-44,0,1,0,-139.656,0,-139.656,1,3.529,3.174
-8,-43,-8,-43,0,1,-28.232,-136.482,-28.232,-136.482,1,3.529,3.174
-7,-43,-7,-43,0,1,-24.703,-136.482,-24.703,-136.482,1,3.529,3.174
-6,-43,-6,-43,0,1,-21.174,-136.482,-21.174,-136.482,1,3.529,3.174
-5,-43,-5,-43,0,1,-17.645,-136.482,-17.645,-136.482,1,3.529,3.174
-4,-43,-4,-43,0,1,-14.116,-136.482,-14.116,-136.482,1,3.529,3.174
-3,-43,-3,-43,0,1,-10.587,-136.482,-10.587,-136.482,1,3.529,3.174
-2,-43,-2,-43,0,1,-7.058,-136.482,-7.058,-136.482,1,3.529,3.174
-1,-43,-1,-43,0,1,-3.529,-136.482,-3.529,-136.482,1,3.529,3.174
0,-43,0,-43,0,1,0,-136.482,0,-136.482,1,3.529,3.174
-8,-42,-8,-42,0,1,-28.232,-133.308,-28.232,-133.308,1,3.529,3.174
-7,-42,-7,-42,0,1,-24.703,-133.308,-24.703,-133.308,1,3.529,3.174
-6,-42,-6,-42,0,1,-21.174,-133.308,-21.174,-133.308,1,3.529,3.174
-5,-42,-5,-42,0,1,-17.645,-133.308,-17.645,-133.308,1,3.529,3.174
-4,-42,-4,-42,0,1,-14.116,-133.308,-14.116,-133.308,1,3.529,3.174
-3,-42,-3,-42,0,1,-10.587,-133.308,-10.587,-133.308,1,3.529,3.174
-2,-42,-2,-42,0,1,-7.058,-133.308,-7.058,-133.308,1,3.529,3.174
-1,-42,-1,-42,0,1,-3.529,-133.308,-3.529,-133.308,1,3.529,3.174
0,-42,0,-42,0,1,0,-133.308,0,-133.308,1,3.529,3.174
-14,-41,-14,-41,0,1,-49.406,-130.134,-49.406,-130.134,1,3.529,3.174
-13,-41,-13,-41,0,1,-45.877,-130.134,-45.877,-130.134,1,3.529,3.174
-12,-41,-12,-41,0,1,-42.348,-130.134,-42.348,-130.134,1,3.529,3.174
-11,-41,-11,-41,0,1,-38.819,-130.134,-38.819,-130.134,1,3.529,3.174
-10,-41,-10,-41,0,1,-35.29,-130.134,-35.29,-130.134,1,3.529,3.174
-9,-41,-9,-41,0,1,-31.761,-130.134,-31.761,-130.134,1,3.529,3.174
-8,-41,-8,-41,0,1,-28.232,-130.134,-28.232,-130.134,1,3.529,3.174
-7,-41,-7,-41,0,1,-24.703,-130.134,-24.703,-130.134,1,3.529,3.174
-6,-41,-6,-41,0,1,-21.174,-130.134,-21.174,-130.134,1,3.529,3.174
-5,-41,-5,-41,0,1,-17.645,-130.134,-17.645,-130.134,1,3.529,3.174
-4,-41,-4,-41,0,1,-14.116,-130.134,-14.116,-130.134,1,3.529,3.174
-3,-41,-3,-41,0,1,-10.587,-130.134,-10.587,-130.134,1,3.529,3.174
-2,-41,-2,-41,0,1,-7.058,-130.134,-7.058,-130.134,1,3.529,3.174
-1,-41,-1,-41,0,1,-3.529,-130.134,-3.529,-130.134,1,3.529,3.174
0,-41,0,-41,0,1,0,-130.134,0,-130.134,1,3.529,3.174
1,-41,1,-41,0,1,3.529,-130.134,3.529,-130.134,1,3.529,3.174
2,-41,2,-41,0,1,7.058,-130.134,7.058,-130.134,1,3.529,3.174
3,-41,3,-41,0,1,10.587,-130.134,10.587,-130.134,1,3.529,3.174
4,-41,4,-41,0,1,14.116,-130.134,14.116,-130.134,1,3.529,3.174
5,-41,5,-41,0,1,17.645,-130.134,17.645,-130.134,1,3.529,3.174
6,-41,6,-41,0,1,21.174,-130.134,21.174,-130.134,1,3.529,3.174
-15,-40,-15,-40,0,1,-52.935,-126.96,-52.935,-126.96,1,3.529,3.174
-14,-40,-14,-40,0,1,-49.406,-126.96,-49.406,-126.96,1,3.529,3.174
-13,-40,-13,-40,0,1,-45.877,-126.96,-45.877,-126.96,1,3.529,3.174
-12,-40,-12,-40,0,1,-42.348,-126.96,-42.348,-126.96,1,3.529,3.174
-11,-40,-11,-40,0,1,-38.819,-126.96,-38.819,-126.96,1,3.529,3.174
-10,-40,-10,-40,0,1,-35.29,-126.96,-35.29,-126.96,1,3.529,3.174
-9,-40,-9,-40,0,1,-31.761,-126.96,-31.761,-126.96,1,3.529,3.174
-8,-40,-8,-40,0,1,-28.232,-126.96,-28.232,-126.96,1,3.529,3.174
-7,-40,-7,-40,0,1,-24.703,-126.96,-24.703,-126.96,1,3.529,3.174
-6,-40,-6,-40,0,1,-21.174,-126.96,-21.174,-126.96,1,3.529,3.174
-5,-40,-5,-40,0,1,-17.645,-126.96,-17.645,-126.96,1,3.529,3.174
-4,-40,-4,-40,0,1,-14.116,-126.96,-14.116,-126.96,1,3.529,3.174
-3,-40,-3,-40,0,1,-10.587,-126.96,-10.587,-126.96,1,3.529,3.174
-2,-40,-2,-40,0,1,-7.058,-126.96,-7.058,-126.96,1,3.529,3.174
-1,-40,-1,-40,0,1,-3.529,-126.96,-3.529,-126.96,1,3.529,3.174
0,-40,0,-40,0,1,0,-126.96,0,-126.96,1,3.529,3.174
1,-40,1,-40,0,1,3.529,-126.96,3.529,-126.96,1,3.529,3.174
2,-40,2,-40,0,1,7.058,-126.96,7.058,-126.96,1,3.529,3.174
3,-40,3,-40,0,1,10.587,-126.96,10.587,-126.96,1,3.529,3.174
4,-40,4,-40,0,1,14.116,-126.96,14.116,-126.96,1,3.529,3.174
5,-40,5,-40,0,1,17.645,-126.96,17.645,-126.96,1,3.529,3.174
6,-40,6,-40,0,1,21.174,-126.96,21.174,-126.96,1,3.529,3.174
7,-40,7,-40,0,1,24.703,-126.96,24.703,-126.96,1,3.529,3.174
8,-40,8,-40,0,1,28.232,-126.96,28.232,-126.96,1,3.529,3.174
-17,-39,-17,-39,0,1,-59.993,-123.786,-59.993,-123.786,1,3.529,3.174
-16,-39,-16,-39,0,1,-56.464,-123.786,-56.464,-123.786,1,3.529,3.174
-15,-39,-15,-39,0,1,-52.935,-123.786,-52.935,-123.786,1,3.529,3.174
-14,-39,-14,-39,0,1,-49.406,-123.786,-49.406,-123.786,1,3.529,3.174
-13,-39,-13,-39,0,1,-45.877,-123.786,-45.877,-123.786,1,3.529,3.174
-12,-39,-12,-39,0,1,-42.348,-123.786,-42.348,-123.786,1,3.529,3.174
-11,-39,-11,-39,0,1,-38.819,-123.786,-38.819,-123.786,1,3.529,3.174
-10,-39,-10,-39,0,1,-35.29,-123.786,-35.29,-123.786,1,3.529,3.174
-9,-39,-9,-39,0,1,-31.761,-123.786,-31.761,-123.786,1,3.529,3.174
-8,-39,-8,-39,0,1,-28.232,-123.786,-28.232,-123.786,1,3.529,3.174
-7,-39,-7,-39,0,1,-24.703,-123.786,-24.703,-123.786,1,3.529,3.174
-6,-39,-6,-39,0,1,-21.174,-123.786,-21.174,-123.786,1,3.529,3.174
-5,-39,-5,-39,0,1,-17.645,-123.786,-17.645,-123.786,1,3.529,3.174
-4,-39,-4,-39,0,1,-14.116,-123.786,-14.116,-123.786,1,3.529,3.174
-3,-39,-3,-39,0,1,-10.587,-123.786,-10.587,-123.786,1,3.529,3.174
-2,-39,-2,-39,0,1,-7.058,-123.786,-7.058,-123.786,1,3.529,3.174
-1,-39,-1,-39,0,1,-3.529,-123.786,-3.529,-123.786,1,3.529,3.174
0,-39,0,-39,0,1,0,-123.786,0,-123.786,1,3.529,3.174
1,-39,1,-39,0,1,3.529,-123.786,3.529,-123.786,1,3.529,3.174
2,-39,2,-39,0,1,7.058,-123.786,7.058,-123.786,1,3.529,3.174
3,-39,3,-39,0,1,10.587,-123.786,10.587,-123.786,1,3.529,3.174
4,-39,4,-39,0,1,14.116,-123.786,14.116,-123.786,1,3.529,3.174
5,-39,5,-39,0,1,17.645,-123.786,17.645,-123.786,1,3.529,3.174
6,-39,6,-39,0,1,21.174,-123.786,21.174,-123.786,1,3.529,3.174
7,-39,7,-39,0,1,24.703,-123.786,24.703,-123.786,1,3.529,3.174
8,-39,8,-39,0,1,28.232,-123.786,28.232,-123.786,1,3.529,3.174
9,-39,9,-39,0,1,31.761,-123.786,31.761,-123.786,1,3.529,3.174
-17,-38,-17,-38,0,1,-59.993,-120.612,-59.993,-120.612,1,3.529,3.174
-16,-38,-16,-38,0,1,-56.464,-120.612,-56.464,-120.612,1,3.529,3.174
-15,-38,-15,-38,0,1,-52.935,-120.612,-52.935,-120.612,1,3.529,3.174
-14,-38,-14,-38,0,1,-49.406,-120.612,-49.406,-120.612,1,3.529,3.174
-13,-38,-13,-38,0,1,-45.877,-120.612,-45.877,-120.612,1,3.529,3.174
-12,-38,-12,-38,0,1,-42.348,-120.612,-42.348,-120.612,1,3.529,3.174
-11,-38,-11,-38,0,1,-38.819,-120.612,-38.819,-120.612,1,3.529,3.174
-10,-38,-10,-38,0,1,-35.29,-120.612,-35.29,-120.612,1,3.529,3.174
-9,-38,-9,-38,0,1,-31.761,-120.612,-31.761,-120.612,1,3.529,3.174
-8,-38,-8,-38,0,1,-28.232,-120.612,-28.232,-120.612,1,3.529,3.174
-7,-38,-7,-38,0,1,-24.703,-120.612,-24.703,-120.612,1,3.529,3.174
-6,-38,-6,-38,0,1,-21.174,-120.612,-21.174,-120.612,1,3.529,3.174
-5,-38,-5,-38,0,1,-17.645,-120.612,-17.645,-120.612,1,3.529,3.174
-4,-38,-4,-38,0,1,-14.116,-120.612,-14.116,-120.612,1,3.529,3.174
-3,-38,-3,-38,0,1,-10.587,-120.612,-10.587,-120.612,1,3.529,3.174
-2,-38,-2,-38,0,1,-7.058,-120.612,-7.058,-120.612,1,3.529,3.174
-1,-38,-1,-38,0,1,-3.529,-120.612,-3.529,-120.612,1,3.529,3.174
0,-38,0,-38,0,1,0,-120.612,0,-120.612,1,3.529,3.174
1,-38,1,-38,0,1,3.529,-120.612,3.529,-120.612,1,3.529,3.174
2,-38,2,-38,0,1,7.058,-120.612,7.058,-120.612,1,3.529,3.174
3,-38,3,-38,0,1,10.587,-120.612,10.587,-120.612,1,3.529,3.174
4,-38,4,-38,0,1,14.116,-120.612,14.116,-120.612,1,3.529,3.174
5,-38,5,-38,0,1,17.645,-120.612,17.645,-120.612,1,3.529,3.174
6,-38,6,-38,0,1,21.174,-120.612,21.174,-120.612,1,3.529,3.174
7,-38,7,-38,0,1,24.703,-120.612,24.703,-120.612,1,3.529,3.174
8,-38,8,-38,0,1,28.232,-120.612,28.232,-120.612,1,3.529,3.174
9,-38,9,-38,0,1,31.761,-120.612,31.761,-120.612,1,3.529,3.174
-19,-37,-19,-37,0,1,-67.051,-117.438,-67.051,-117.438,1,3.529,3.174
-18,-37,-18,-37,0,1,-63.522,-117.438,-63.522,-117.438,1,3.529,3.174
-17,-37,-17,-37,0,1,-59.993,-117.438,-59.993,-117.438,1,3.529,3.174
-16,-37,-16,-37,0,1,-56.464,-117.438,-56.464,-117.438,1,3.529,3.174
-15,-37,-15,-37,0,1,-52.935,-117.438,-52.935,-117.438,1,3.529,3.174
-14,-37,-14,-37,0,1,-49.406,-117.438,-49.406,-117.438,1,3.529,3.174
-13,-37,-13,-37,0,1,-45.877,-117.438,-45.877,-117.438,1,3.529,3.174
-12,-37,-12,-37,0,1,-42.348,-117.438,-42.348,-117.438,1,3.529,3.174
-11,-37,-11,-37,0,1,-38.819,-117.438,-38.819,-117.438,1,3.529,3.174
-10,-37,-10,-37,0,1,-35.29,-117.438,-35.29,-117.438,1,3.529,3.174
-9,-37,-9,-37,0,1,-31.761,-117.438,-31.761,-117.438,1,3.529,3.174
-8,-37,-8,-37,0,1,-28.232,-117.438,-28.232,-117.438,1,3.529,3.174
-7,-37,-7,-37,0,1,-24.703,-117.438,-24.703,-117.438,1,3.529,3.174
-6,-37,-6,-37,0,1,-21.174,-117.438,-21.174,-117.438,1,3.529,3.174
-5,-37,-5,-37,0,1,-17.645,-117.438,-17.645,-117.438,1,3.529,3.174
-4,-37,-4,-37,0,1,-14.116,-117.438,-14.116,-117.438,1,3.529,3.174
-3,-37,-3,-37,0,1,-10.587,-117.438,-10.587,-117.438,1,3.529,3.174
-2,-37,-2,-37,0,1,-7.058,-117.438,-7.058,-117.438,1,3.529,3.174
-1,-37,-1,-37,0,1,-3.529,-117.438,-3.529,-117.438,1,3.529,3.174
0,-37,0,-37,0,1,0,-117.438,0,-117.438,1,3.529,3.174
1,-37,1,-37,0,1,3.529,-117.438,3.529,-117.438,1,3.529,3.174
2,-37,2,-37,0,1,7.058,-117.438,7.058,-117.438,1,3.529,3.174
3,-37,3,-37,0,1,10.587,-117.438,10.587,-117.438,1,3.529,3.174
4,-37,4,-37,0,1,14.116,-117.438,14.116,-117.438,1,3.529,3.174
5,-37,5,-37,0,1,17.645,-117.438,17.645,-117.438,1,3.529,3.174
6,-37,6,-37,0,1,21.174,-117.438,21.174,-117.438,1,3.529,3.174
7,-37,7,-37,0,1,24.703,-117.438,24.703,-117.438,1,3.529,3.174
8,-37,8,-37,0,1,28.232,-117.438,28.232,-117.438,1,3.529,3.174
9,-37,9,-37,0,1,31.761,-117.438,31.761,-117.438,1,3.529,3.174
10,-37,10,-37,0,1,35.29,-117.438,35.29,-117.438,1,3.529,3.174
-19,-36,-19,-36,0,1,-67.051,-114.264,-67.051,-114.264,1,3.529,3.174
-18,-36,-18,-36,0,1,-63.522,-114.264,-63.522,-114.264,1,3.529,3.174
-17,-36,-17,-36,0,1,-59.993,-114.264,-59.993,-114.264,1,3.529,3.174
-16,-36,-16,-36,0,1,-56.464,-114.264,-56.464,-114.264,1,3.529,3.174
-15,-36,-15,-36,0,1,-52.935,-114.264,-52.935,-114.264,1,3.529,3.174
-14,-36,-14,-36,0,1,-49.406,-114.264,-49.406,-114.264,1,3.529,3.174
-13,-36,-13,-36,0,1,-45.877,-114.264,-45.877,-114.264,1,3.529,3.174
-12,-36,-12,-36,0,1,-42.348,-114.264,-42.348,-114.264,1,3.529,3.174
-11,-36,-11,-36,0,1,-38.819,-114.264,-38.819,-114.264,1,3.529,3.174
-10,-36,-10,-36,0,1,-35.29,-114.264,-35.29,-114.264,1,3.529,3.174
-9,-36,-9,-36,0,1,-31.761,-114.264,-31.761,-114.264,1,3.529,3.174
-8,-36,-8,-36,0,1,-28.232,-114.264,-28.232,-114.264,1,3.529,3.174
-7,-36,-7,-36,0,1,-24.703,-114.264,-24.703,-114.264,1,3.529,3.174
-6,-36,-6,-36,0,1,-21.174,-114.264,-21.174,-114.264,1,3.529,3.174
-5,-36,-5,-36,0,1,-17.645,-114.264,-17.645,-114.264,1,3.529,3.174
-4,-36,-4,-36,0,1,-14.116,-114.264,-14.116,-114.264,1,3.529,3.174
-3,-36,-3,-36,0,1,-10.587,-114.264,-10.587,-114.264,1,3.529,3.174
-2,-36,-2,-36,0,1,-7.058,-114.264,-7.058,-114.264,1,3.529,3.174
-1,-36,-1,-36,0,1,-3.529,-114.264,-3.529,-114.264,1,3.529,3.174
0,-36,0,-36,0,1,0,-114.264,0,-114.264,1,3.529,3.174
1,-36,1,-36,0,1,3.529,-114.264,3.529,-114.264,1,3.529,3.174
2,-36,2,-36,0,1,7.058,-114.264,7.058,-114.264,1,3.529,3.174
3,-36,3,-36,0,1,10.587,-114.264,10.587,-114.264,1,3.529,3.174
4,-36,4,-36,0,1,14.116,-114.264,14.116,-114.264,1,3.529,3.174
5,-36,5,-36,0,1,17.645,-114.264,17.645,-114.264,1,3.529,3.174
6,-36,6,-36,0,1,21.174,-114.264,21.174,-114.264,1,3.529,3.174
7,-36,7,-36,0,1,24.703,-114.264,24.703,-114.264,1,3.529,3.174
8,-36,8,-36,0,1,28.232,-114.264,28.232,-114.264,1,3.529,3.174
9,-36,9,-36,0,1,31.761,-114.264,31.761,-114.264,1,3.529,3.174
10,-36,10,-36,0,1,35.29,-114.264,35.29,-114.264,1,3.529,3.174
11,-36,11,-36,0,1,38.819,-114.264,38.819,-114.264,1,3.529,3.174
-20,-35,-20,-35,0,1,-70.58,-111.09,-70.58,-111.09,1,3.529,3.174
-19,-35,-19,-35,0,1,-67.051,-111.09,-67.051,-111.09,1,3.529,3.174
-18,-35,-18,-35,0,1,-63.522,-111.09,-63.522,-111.09,1,3.529,3.174
-17,-35,-17,-35,0,1,-59.993,-111.09,-59.993,-111.09,1,3.529,3.174
-16,-35,-16,-35,0,1,-56.464,-111.09,-56.464,-111.09,1,3.529,3.174
-15,-35,-15,-35,0,1,-52.935,-111.09,-52.935,-111.09,1,3.529,3.174
-14,-35,-14,-35,0,1,-49.406,-111.09,-49.406,-111.09,1,3.529,3.174
-13,-35,-13,-35,0,1,-45.877,-111.09,-45.877,-111.09,1,3.529,3.174
-12,-35,-12,-35,0,1,-42.348,-111.09,-42.348,-111.09,1,3.529,3.174
-11,-35,-11,-35,0,1,-38.819,-111.09,-38.819,-111.09,1,3.529,3.174
-10,-35,-10,-35,0,1,-35.29,-111.09,-35.29,-111.09,1,3.529,3.174
-9,-35,-9,-35,0,1,-31.761,-111.09,-31.761,-111.09,1,3.529,3.174
-8,-35,-8,-35,0,1,-28.232,-111.09,-28.232,-111.09,1,3.529,3.174
-7,-35,-7,-35,0,1,-24.703,-111.09,-24.703,-111.09,1,3.529,3.174
-6,-35,-6,-35,0,1,-21.174,-111.09,-21.174,-111.09,1,3.529,3.174
-5,-35,-5,-35,0,1,-17.645,-111.09,-17.645,-111.09,1,3.529,3.174
-4,-35,-4,-35,0,1,-14.116,-111.09,-14.116,-111.09,1,3.529,3.174
-3,-35,-3,-35,0,1,-10.587,-111.09,-10.587,-111.09,1,3.529,3.174
-2,-35,-2,-35,0,1,-7.058,-111.09,-7.058,-111.09,1,3.529,3.174
-1,-35,-1,-35,0,1,-3.529,-111.09,-3.529,-111.09,1,3.529,3.174
0,-35,0,-35,0,1,0,-111.09,0,-111.09,1,3.529,3.174
1,-35,1,-35,0,1,3.529,-111.09,3.529,-111.09,1,3.529,3.174
2,-35,2,-35,0,1,7.058,-111.09,7.058,-111.09,1,3.529,3.174
3,-35,3,-35,0,1,10.587,-111.09,10.587,-111.09,1,3.529,3.174
4,-35,4,-35,0,1,14.116,-111.09,14.116,-111.09,1,3.529,3.174
5,-35,5,-35,0,1,17.645,-111.09,17.645,-111.09,1,3.529,3.174
6,-35,6,-35,0,1,21.174,-111.09,21.174,-111.09,1,3.529,3.174
7,-35,7,-35,0,1,24.703,-111.09,24.703,-111.09,1,3.529,3.174
8,-35,8,-35,0,1,28.232,-111.09,28.232,-111.09,1,3.529,3.174
9,-35,9,-35,0,1,31.761,-111.09,31.761,-111.09,1,3.529,3.174
10,-35,10,-35,0,1,35.29,-111.09,35.29,-111.09,1,3.529,3.174
11,-35,11,-35,0,1,38.819,-111.09,38.819,-111.09,1,3.529,3.174
12,-35,12,-35,0,1,42.348,-111.09,42.348,-111.09,1,3.529,3.174
-20,-34,-20,-34,0,1,-70.58,-107.916,-70.58,-107.916,1,3.529,3.174
-19,-34,-19,-34,0,1,-67.051,-107.916,-67.051,-107.916,1,3.529,3.174
-18,-34,-18,-34,0,1,-63.522,-107.916,-63.522,-107.916,1,3.529,3.174
-17,-34,-17,-34,0,1,-59.993,-107.916,-59.993,-107.916,1,3.529,3.174
-16,-34,-16,-34,0,1,-56.464,-107.916,-56.464,-107.916,1,3.529,3.174
-15,-34,-15,-34,0,1,-52.935,-107.916,-52.935,-107.916,1,3.529,3.174
-14,-34,-14,-34,0,1,-49.406,-107.916,-49.406,-107.916,1,3.529,3.174
-13,-34,-13,-34,0,1,-45.877,-107.916,-45.877,-107.916,1,3.529,3.174
-12,-34,-12,-34,0,1,-42.348,-107.916,-42.348,-107.916,1,3.529,3.174
-11,-34,-11,-34,0,1,-38.819,-107.916,-38.819,-107.916,1,3.529,3.174
-10,-34,-10,-34,0,1,-35.29,-107.916,-35.29,-107.916,1,3.529,3.174
-9,-34,-9,-34,0,1,-31.761,-107.916,-31.761,-107.916,1,3.529,3.174
-8,-34,-8,-34,0,1,-28.232,-107.916,-28.232,-107.916,1,3.529,3.174
-7,-34,-7,-34,0,1,-24.703,-107.916,-24.703,-107.916,1,3.529,3.174
-6,-34,-6,-34,0,1,-21.174,-107.916,-21.174,-107.916,1,3.529,3.174
-5,-34,-5,-34,0,1,-17.645,-107.916,-17.645,-107.916,1,3.529,3.174
-4,-34,-4,-34,0,1,-14.116,-107.916,-14.116,-107.916,1,3.529,3.174
-3,-34,-3,-34,0,1,-10.587,-107.916,-10.587,-107.916,1,3.529,3.174
-2,-34,-2,-34,0,1,-7.058,-107.916,-7.058,-107.916,1,3.529,3.174
-1,-34,-1,-34,0,1,-3.529,-107.916,-3.529,-107.916,1,3.529,3.174
0,-34,0,-34,0,1,0,-107.916,0,-107.916,1,3.529,3.174
1,-34,1,-34,0,1,3.529,-107.916,3.529,-107.916,1,3.529,3.174
2,-34,2,-34,0,1,7.058,-107.916,7.058,-107.916,1,3.529,3.174
3,-34,3,-34,0,1,10.587,-107.916,10.587,-107.916,1,3.529,3.174
4,-34,4,-34,0,1,14.116,-107.916,14.116,-107.916,1,3.529,3.174
5,-34,5,-34,0,1,17.645,-107.916,17.645,-107.916,1,3.529,3.174
6,-34,6,-34,0,1,21.174,-107.916,21.174,-107.916,1,3.529,3.174
7,-34,7,-34,0,1,24.703,-107.916,24.703,-107.916,1,3.529,3.174
8,-34,8,-34,0,1,28.232,-107.916,28.232,-107.916,1,3.529,3.174
9,-34,9,-34,0,1,31.761,-107.916,31.761,-107.916,1,3.529,3.174
10,-34,10,-34,0,1,35.29,-107.916,35.29,-107.916,1,3.529,3.174
11,-34,11,-34,0,1,38.819,-107.916,38.819,-107.916,1,3.529,3.174
12,-34,12,-34,0,1,42.348,-107.916,42.348,-107.916,1,3.529,3.174
-21,-33,-21,-33,0,1,-74.109,-104.742,-74.109,-104.742,1,3.529,3.174
-20,-33,-20,-33,0,1,-70.58,-104.742,-70.58,-104.742,1,3.529,3.174
-19,-33,-19,-33,0,1,-67.051,-104.742,-67.051,-104.742,1,3.529,3.174
-18,-33,-18,-33,0,1,-63.522,-104.742,-63.522,-104.742,1,3.529,3.174
-17,-33,-17,-33,0,1,-59.993,-104.742,-59.993,-104.742,1,3.529,3.174
-16,-33,-16,-33,0,1,-56.464,-104.742,-56.464,-104.742,1,3.529,3.174
-15,-33,-15,-33,0,1,-52.935,-104.742,-52.935,-104.742,1,3.529,3.174
-14,-33,-14,-33,0,1,-49.406,-104.742,-49.406,-104.742,1,3.529,3.174
-13,-33,-13,-33,0,1,-45.877,-104.742,-45.877,-104.742,1,3.529,3.174
-12,-33,-12,-33,0,1,-42.348,-104.742,-42.348,-104.742,1,3.529,3.174
-11,-33,-11,-33,0,1,-38.819,-104.742,-38.819,-104.742,1,3.529,3.174
-10,-33,-10,-33,0,1,-35.29,-104.742,-35.29,-104.742,1,3.529,3.174
-9,-33,-9,-33,0,1,-31.761,-104.742,-31.761,-104.742,1,3.529,3.174
-8,-33,-8,-33,0,1,-28.232,-104.742,-28.232,-104.742,1,3.529,3.174
-7,-33,-7,-33,0,1,-24.703,-104.742,-24.703,-104.742,1,3.529,3.174
-6,-33,-6,-33,0,1,-21.174,-104.742,-21.174,-104.742,1,3.529,3.174
-5,-33,-5,-33,0,1,-17.645,-104.742,-17.645,-104.742,1,3.529,3.174
-4,-33,-4,-33,0,1,-14.116,-104.742,-14.116,-104.742,1,3.529,3.174
-3,-33,-3,-33,0,1,-10.587,-104.742,-10.587,-104.742,1,3.529,3.174
-2,-33,-2,-33,0,1,-7.058,-104.742,-7.058,-104.742,1,3.529,3.174
-1,-33,-1,-33,0,1,-3.529,-104.742,-3.529,-104.742,1,3.529,3.174
0,-33,0,-33,0,1,0,-104.742,0,-104.742,1,3.529,3.174
1,-33,1,-33,0,1,3.529,-104.742,3.529,-104.742,1,3.529,3.174
2,-33,2,-33,0,1,7.058,-104.742,7.058,-104.742,1,3.529,3.174
3,-33,3,-33,0,1,10.587,-104.742,10.587,-104.742,1,3.529,3.174
4,-33,4,-33,0,1,14.116,-104.742,14.116,-104.742,1,3.529,3.174
5,-33,5,-33,0,1,17.645,-104.742,17.645,-104.742,1,3.529,3.174
6,-33,6,-33,0,1,21.174,-104.742,21.174,-104.742,1,3.529,3.174
7,-33,7,-33,0,1,24.703,-104.742,24.703,-104.742,1,3.529,3.174
8,-33,8,-33,0,1,28.232,-104.742,28.232,-104.742,1,3.529,3.174
9,-33,9,-33,0,1,31.761,-104.742,31.761,-104.742,1,3.529,3.174
10,-33,10,-33,0,1,35.29,-104.742,35.29,-104.742,1,3.529,3.174
11,-33,11,-33,0,1,38.819,-104.742,38.819,-104.742,1,3.529,3.174
12,-33,12,-33,0,1,42.348,-104.742,42.348,-104.742,1,3.529,3.174
13,-33,13,-33,0,1,45.877,-104.742,45.877,-104.742,1,3.529,3.174
-22,-32,-22,-32,0,1,-77.638,-101.568,-77.638,-101.568,1,3.529,3.174
-21,-32,-21,-32,0,1,-74.109,-101.568,-74.109,-101.568,1,3.529,3.174
-20,-32,-20,-32,0,1,-70.58,-101.568,-70.58,-101.568,1,3.529,3.174
-19,-32,-19,-32,0,1,-67.051,-101.568,-67.051,-101.568,1,3.529,3.174
-18,-32,-18,-32,0,1,-63.522,-101.568,-63.522,-101.568,1,3.529,3.174
-17,-32,-17,-32,0,1,-59.993,-101.568,-59.993,-101.568,1,3.529,3.174
-16,-32,-16,-32,0,1,-56.464,-101.568,-56.464,-101.568,1,3.529,3.174
-15,-32,-15,-32,0,1,-52.935,-101.568,-52.935,-101.568,1,3.529,3.174
-14,-32,-14,-32,0,1,-49.406,-101.568,-49.406,-101.568,1,3.529,3.174
-13,-32,-13,-32,0,1,-45.877,-101.568,-45.877,-101.568,1,3.529,3.174
-12,-32,-12,-32,0,1,-42.348,-101.568,-42.348,-101.568,1,3.529,3.174
-11,-32,-11,-32,0,1,-38.819,-101.568,-38.819,-101.568,1,3.529,3.174
-10,-32,-10,-32,0,1,-35.29,-101.568,-35.29,-101.568,1,3.529,3.174
-9,-32,-9,-32,0,1,-31.761,-101.568,-31.761,-101.568,1,3.529,3.174
-8,-32,-8,-32,0,1,-28.232,-101.568,-28.232,-101.568,1,3.529,3.174
-7,-32,-7,-32,0,1,-24.703,-101.568,-24.703,-101.568,1,3.529,3.174
-6,-32,-6,-32,0,1,-21.174,-101.568,-21.174,-101.568,1,3.529,3.174
-5,-32,-5,-32,0,1,-17.645,-101.568,-17.645,-101.568,1,3.529,3.174
-4,-32,-4,-32,0,1,-14.116,-101.568,-14.116,-101.568,1,3.529,3.174
-3,-32,-3,-32,0,1,-10.587,-101.568,-10.587,-101.568,1,3.529,3.174
-2,-32,-2,-32,0,1,-7.058,-101.568,-7.058,-101.568,1,3.529,3.174
-1,-32,-1,-32,0,1,-3.529,-101.568,-3.529,-101.568,1,3.529,3.174
0,-32,0,-32,0,1,0,-101.568,0,-101.568,1,3.529,3.174
1,-32,1,-32,0,1,3.529,-101.568,3.529,-101.568,1,3.529,3.174
2,-32,2,-32,0,1,7.058,-101.568,7.058,-101.568,1,3.529,3.174
3,-32,3,-32,0,1,10.587,-101.568,10.587,-101.568,1,3.529,3.174
4,-32,4,-32,0,1,14.116,-101.568,14.116,-101.568,1,3.529,3.174
5,-32,5,-32,0,1,17.645,-101.568,17.645,-101.568,1,3.529,3.174
6,-32,6,-32,0,1,21.174,-101.568,21.174,-101.568,1,3.529,3.174
7,-32,7,-32,0,1,24.703,-101.568,24.703,-101.568,1,3.529,3.174
8,-32,8,-32,0,1,28.232,-101.568,28.232,-101.568,1,3.529,3.174
9,-32,9,-32,0,1,31.761,-101.568,31.761,-101.568,1,3.529,3.174
10,-32,10,-32,0,1,35.29,-101.568,35.29,-101.568,1,3.529,3.174
11,-32,11,-32,0,1,38.819,-101.568,38.819,-101.568,1,3.529,3.174
12,-32,12,-32,0,1,42.348,-101.568,42.348,-101.568,1,3.529,3.174
13,-32,13,-32,0,1,45.877,-101.568,45.877,-101.568,1,3.529,3.174
14,-32,14,-32,0,1,49.406,-101.568,49.406,-101.568,1,3.529,3.174
-22,-31,-22,-31,0,1,-77.638,-98.394,-77.638,-98.394,1,3.529,3.174
-21,-31,-21,-31,0,1,-74.109,-98.394,-74.109,-98.394,1,3.529,3.174
-20,-31,-20,-31,0,1,-70.58,-98.394,-70.58,-98.394,1,3.529,3.174
-19,-31,-19,-31,0,1,-67.051,-98.394,-67.051,-98.394,1,3.529,3.174
-18,-31,-18,-31,0,1,-63.522,-98.394,-63.522,-98.394,1,3.529,3.174
-17,-31,-17,-31,0,1,-59.993,-98.394,-59.993,-98.394,1,3.529,3.174
-16,-31,-16,-31,0,1,-56.464,-98.394,-56.464,-98.394,1,3.529,3.174
-15,-31,-15,-31,0,1,-52.935,-98.394,-52.935,-98.394,1,3.529,3.174
-14,-31,-14,-31,0,1,-49.406,-98.394,-49.406,-98.394,1,3.529,3.174
-13,-31,-13,-31,0,1,-45.877,-98.394,-45.877,-98.394,1,3.529,3.174
-12,-31,-12,-31,0,1,-42.348,-98.394,-42.348,-98.394,1,3.529,3.174
-11,-31,-11,-31,0,1,-38.819,-98.394,-38.819,-98.394,1,3.529,3.174
-10,-31,-10,-31,0,1,-35.29,-98.394,-35.29,-98.394,1,3.529,3.174
-9,-31,-9,-31,0,1,-31.761,-98.394,-31.761,-98.394,1,3.529,3.174
-8,-31,-8,-31,0,1,-28.232,-98.394,-28.232,-98.394,1,3.529,3.174
-7,-31,-7,-31,0,1,-24.703,-98.394,-24.703,-98.394,1,3.529,3.174
-6,-31,-6,-31,0,1,-21.174,-98.394,-21.174,-98.394,1,3.529,3.174
-5,-31,-5,-31,0,1,-17.645,-98.394,-17.645,-98.394,1,3.529,3.174
-4,-31,-4,-31,0,1,-14.116,-98.394,-14.116,-98.394,1,3.529,3.174
-3,-31,-3,-31,0,1,-10.587,-98.394,-10.587,-98.394,1,3.529,3.174
-2,-31,-2,-31,0,1,-7.058,-98.394,-7.058,-98.394,1,3.529,3.174
-1,-31,-1,-31,0,1,-3.529,-98.394,-3.529,-98.394,1,3.529,3.174
0,-31,0,-31,0,1,0,-98.394,0,-98.394,1,3.529,3.174
1,-31,1,-31,0,1,3.529,-98.394,3.529,-98.394,1,3.529,3.174
2,-31,2,-31,0,1,7.058,-98.394,7.058,-98.394,1,3.529,3.174
3,-31,3,-31,0,1,10.587,-98.394,10.587,-98.394,1,3.529,3.174
4,-31,4,-31,0,1,14.116,-98.394,14.116,-98.394,1,3.529,3.174
5,-31,5,-31,0,1,17.645,-98.394,17.645,-98.394,1,3.529,3.174
6,-31,6,-31,0,1,21.174,-98.394,21.174,-98.394,1,3.529,3.174
7,-31,7,-31,0,1,24.703,-98.394,24.703,-98.394,1,3.529,3.174
8,-31,8,-31,0,1,28.232,-98.394,28.232,-98.394,1,3.529,3.174
9,-31,9,-31,0,1,31.761,-98.394,31.761,-98.394,1,3.529,3.174
10,-31,10,-31,0,1,35.29,-98.394,35.29,-98.394,1,3.529,3.174
11,-31,11,-31,0,1,38.819,-98.394,38.819,-98.394,1,3.529,3.174
12,-31,12,-31,0,1,42.348,-98.394,42.348,-98.394,1,3.529,3.174
13,-31,13,-31,0,1,45.877,-98.394,45.877,-98.394,1,3.529,3.174
14,-31,14,-31,0,1,49.406,-98.394,49.406,-98.394,1,3.529,3.174
-23,-30,-23,-30,0,1,-81.167,-95.22,-81.167,-95.22,1,3.529,3.174
-22,-30,-22,-30,0,1,-77.638,-95.22,-77.638,-95.22,1,3.529,3.174
-21,-30,-21,-30,0,1,-74.109,-95.22,-74.109,-95.22,1,3.529,3.174
-20,-30,-20,-30,0,1,-70.58,-95.22,-70.58,-95.22,1,3.529,3.174
-19,-30,-19,-30,0,1,-67.051,-95.22,-67.051,-95.22,1,3.529,3.174
-18,-30,-18,-30,0,1,-63.522,-95.22,-63.522,-95.22,1,3.529,3.174
-17,-30,-17,-30,0,1,-59.993,-95.22,-59.993,-95.22,1,3.529,3.174
-16,-30,-16,-30,0,1,-56.464,-95.22,-56.464,-95.22,1,3.529,3.174
-15,-30,-15,-30,0,1,-52.935,-95.22,-52.935,-95.22,1,3.529,3.174
-14,-30,-14,-30,0,1,-49.406,-95.22,-49.406,-95.22,1,3.529,3.174
-13,-30,-13,-30,0,1,-45.877,-95.22,-45.877,-95.22,1,3.529,3.174
-12,-30,-12,-30,0,1,-42.348,-95.22,-42.348,-95.22,1,3.529,3.174
-11,-30,-11,-30,0,1,-38.819,-95.22,-38.819,-95.22,1,3.529,3.174
-10,-30,-10,-30,0,1,-35.29,-95.22,-35.29,-95.22,1,3.529,3.174
-9,-30,-9,-30,0,1,-31.761,-95.22,-31.761,-95.22,1,3.529,3.174
-8,-30,-8,-30,0,1,-28.232,-95.22,-28.232,-95.22,1,3.529,3.174
-7,-30,-7,-30,0,1,-24.703,-95.22,-24.703,-95.22,1,3.529,3.174
-6,-30,-6,-30,0,1,-21.174,-95.22,-21.174,-95.22,1,3.529,3.174
-5,-30,-5,-30,0,1,-17.645,-95.22,-17.645,-95.22,1,3.529,3.174
-4,-30,-4,-30,0,1,-14.116,-95.22,-14.116,-95.22,1,3.529,3.174
-3,-30,-3,-30,0,1,-10.587,-95.22,-10.587,-95.22,1,3.529,3.174
-2,-30,-2,-30,0,1,-7.058,-95.22,-7.058,-95.22,1,3.529,3.174
-1,-30,-1,-30,0,1,-3.529,-95.22,-3.529,-95.22,1,3.529,3.174
0,-30,0,-30,0,1,0,-95.22,0,-95.22,1,3.529,3.174
1,-30,1,-30,0,1,3.529,-95.22,3.529,-95.22,1,3.529,3.174
2,-30,2,-30,0,1,7.058,-95.22,7.058,-95.22,1,3.529,3.174
3,-30,3,-30,0,1,10.587,-95.22,10.587,-95.22,1,3.529,3.174
4,-30,4,-30,0,1,14.116,-95.22,14.116,-95.22,1,3.529,3.174
5,-30,5,-30,0,1,17.645,-95.22,17.645,-95.22,1,3.529,3.174
6,-30,6,-30,0,1,21.174,-95.22,21.174,-95.22,1,3.529,3.174
7,-30,7,-30,0,1,24.703,-95.22,24.703,-95.22,1,3.529,3.174
8,-30,8,-30,0,1,28.232,-95.22,28.232,-95.22,1,3.529,3.174
9,-30,9,-30,0,1,31.761,-95.22,31.761,-95.22,1,3.529,3.174
10,-30,10,-30,0,1,35.29,-95.22,35.29,-95.22,1,3.529,3.174
11,-30,11,-30,0,1,38.819,-95.22,38.819,-95.22,1,3.529,3.174
12,-30,12,-30,0,1,42.348,-95.22,42.348,-95.22,1,3.529,3.174
13,-30,13,-30,0,1,45.877,-95.22,45.877,-95.22,1,3.529,3.174
14,-30,14,-30,0,1,49.406,-95.22,49.406,-95.22,1,3.529,3.174
-23,-29,-23,-29,0,1,-81.167,-92.046,-81.167,-92.046,1,3.529,3.174
-22,-29,-22,-29,0,1,-77.638,-92.046,-77.638,-92.046,1,3.529,3.174
-21,-29,-21,-29,0,1,-74.109,-92.046,-74.109,-92.046,1,3.529,3.174
-20,-29,-20,-29,0,1,-70.58,-92.046,-70.58,-92.046,1,3.529,3.174
-19,-29,-19,-29,0,1,-67.051,-92.046,-67.051,-92.046,1,3.529,3.174
-18,-29,-18,-29,0,1,-63.522,-92.046,-63.522,-92.046,1,3.529,3.174
-17,-29,-17,-29,0,1,-59.993,-92.046,-59.993,-92.046,1,3.529,3.174
-16,-29,-16,-29,0,1,-56.464,-92.046,-56.464,-92.046,1,3.529,3.174
-15,-29,-15,-29,0,1,-52.935,-92.046,-52.935,-92.046,1,3.529,3.174
-14,-29,-14,-29,0,1,-49.406,-92.046,-49.406,-92.046,1,3.529,3.174
-13,-29,-13,-29,0,1,-45.877,-92.046,-45.877,-92.046,1,3.529,3.174
-12,-29,-12,-29,0,1,-42.348,-92.046,-42.348,-92.046,1,3.529,3.174
-11,-29,-11,-29,0,1,-38.819,-92.046,-38.819,-92.046,1,3.529,3.174
-10,-29,-10,-29,0,1,-35.29,-92.046,-35.29,-92.046,1,3.529,3.174
-9,-29,-9,-29,0,1,-31.761,-92.046,-31.761,-92.046,1,3.529,3.174
-8,-29,-8,-29,0,1,-28.232,-92.046,-28.232,-92.046,1,3.529,3.174
-7,-29,-7,-29,0,1,-24.703,-92.046,-24.703,-92.046,1,3.529,3.174
-6,-29,-6,-29,0,1,-21.174,-92.046,-21.174,-92.046,1,3.529,3.174
-5,-29,-5,-29,0,1,-17.645,-92.046,-17.645,-92.046,1,3.529,3.174
-4,-29,-4,-29,0,1,-14.116,-92.046,-14.116,-92.046,1,3.529,3.174
-3,-29,-3,-29,0,1,-10.587,-92.046,-10.587,-92.046,1,3.529,3.174
-2,-29,-2,-29,0,1,-7.058,-92.046,-7.058,-92.046,1,3.529,3.174
-1,-29,-1,-29,0,1,-3.529,-92.046,-3.529,-92.046,1,3.529,3.174
0,-29,0,-29,0,1,0,-92.046,0,-92.046,1,3.529,3.174
1,-29,1,-29,0,1,3.529,-92.046,3.529,-92.046,1,3.529,3.174
2,-29,2,-29,0,1,7.058,-92.046,7.058,-92.046,1,3.529,3.174
3,-29,3,-29,0,1,10.587,-92.046,10.587,-92.046,1,3.529,3.174
4,-29,4,-29,0,1,14.116,-92.046,14.116,-92.046,1,3.529,3.174
5,-29,5,-29,0,1,17.645,-92.046,17.645,-92.046,1,3.529,3.174
6,-29,6,-29,0,1,21.174,-92.046,21.174,-92.046,1,3.529,3.174
7,-29,7,-29,0,1,24.703,-92.046,24.703,-92.046,1,3.529,3.174
8,-29,8,-29,0,1,28.232,-92.046,28.232,-92.046,1,3.529,3.174
9,-29,9,-29,0,1,31.761,-92.046,31.761,-92.046,1,3.529,3.174
10,-29,10,-29,0,1,35.29,-92.046,35.29,-92.046,1,3.529,3.174
11,-29,11,-29,0,1,38.819,-92.046,38.819,-92.046,1,3.529,3.174
12,-29,12,-29,0,1,42.348,-92.046,42.348,-92.046,1,3.529,3.174
13,-29,13,-29,0,1,45.877,-92.046,45.877,-92.046,1,3.529,3.174
14,-29,14,-29,0,1,49.406,-92.046,49.406,-92.046,1,3.529,3.174
15,-29,15,-29,0,1,52.935,-92.046,52.935,-92.046,1,3.529,3.174
-23,-28,-23,-28,0,1,-81.167,-88.872,-81.167,-88.872,1,3.529,3.174
-22,-28,-22,-28,0,1,-77.638,-88.872,-77.638,-88.872,1,3.529,3.174
-21,-28,-21,-28,0,1,-74.109,-88.872,-74.109,-88.872,1,3.529,3.174
-20,-28,-20,-28,0,1,-70.58,-88.872,-70.58,-88.872,1,3.529,3.174
-19,-28,-19,-28,0,1,-67.051,-88.872,-67.051,-88.872,1,3.529,3.174
-18,-28,-18,-28,0,1,-63.522,-88.872,-63.522,-88.872,1,3.529,3.174
-17,-28,-17,-28,0,1,-59.993,-88.872,-59.993,-88.872,1,3.529,3.174
-16,-28,-16,-28,0,1,-56.464,-88.872,-56.464,-88.872,1,3.529,3.174
-15,-28,-15,-28,0,1,-52.935,-88.872,-52.935,-88.872,1,3.529,3.174
-14,-28,-14,-28,0,1,-49.406,-88.872,-49.406,-88.872,1,3.529,3.174
-13,-28,-13,-28,0,1,-45.877,-88.872,-45.877,-88.872,1,3.529,3.174
-12,-28,-12,-28,0,1,-42.348,-88.872,-42.348,-88.872,1,3.529,3.174
-11,-28,-11,-28,0,1,-38.819,-88.872,-38.819,-88.872,1,3.529,3.174
-10,-28,-10,-28,0,1,-35.29,-88.872,-35.29,-88.872,1,3.529,3.174
-9,-28,-9,-28,0,1,-31.761,-88.872,-31.761,-88.872,1,3.529,3.174
-8,-28,-8,-28,0,1,-28.232,-88.872,-28.232,-88.872,1,3.529,3.174
-7,-28,-7,-28,0,1,-24.703,-88.872,-24.703,-88.872,1,3.529,3.174
-6,-28,-6,-28,0,1,-21.174,-88.872,-21.174,-88.872,1,3.529,3.174
-5,-28,-5,-28,0,1,-17.645,-88.872,-17.645,-88.872,1,3.529,3.174
-4,-28,-4,-28,0,1,-14.116,-88.872,-14.116,-88.872,1,3.529,3.174
-3,-28,-3,-28,0,1,-10.587,-88.872,-10.587,-88.872,1,3.529,3.174
-2,-28,-2,-28,0,1,-7.058,-88.872,-7.058,-88.872,1,3.529,3.174
-1,-28,-1,-28,0,1,-3.529,-88.872,-3.529,-88.872,1,3.529,3.174
0,-28,0,-28,0,1,0,-88.872,0,-88.872,1,3.529,3.174
1,-28,1,-28,0,1,3.529,-88.872,3.529,-88.872,1,3.529,3.174
2,-28,2,-28,0,1,7.058,-88.872,7.058,-88.872,1,3.529,3.174
3,-28,3,-28,0,1,10.587,-88.872,10.587,-88.872,1,3.529,3.174
4,-28,4,-28,0,1,14.116,-88.872,14.116,-88.872,1,3.529,3.174
5,-28,5,-28,0,1,17.645,-88.872,17.645,-88.872,1,3.529,3.174
6,-28,6,-28,0,1,21.174,-88.872,21.174,-88.872,1,3.529,3.174
7,-28,7,-28,0,1,24.703,-88.872,24.703,-88.872,1,3.529,3.174
8,-28,8,-28,0,1,28.232,-88.872,28.232,-88.872,1,3.529,3.174
9,-28,9,-28,0,1,31.761,-88.872,31.761,-88.872,1,3.529,3.174
10,-28,10,-28,0,1,35.29,-88.872,35.29,-88.872,1,3.529,3.174
11,-28,11,-28,0,1,38.819,-88.872,38.819,-88.872,1,3.529,3.174
12,-28,12,-28,0,1,42.348,-88.872,42.348,-88.872,1,3.529,3.174
13,-28,13,-28,0,1,45.877,-88.872,45.877,-88.872,1,3.529,3.174
14,-28,14,-28,0,1,49.406,-88.872,49.406,-88.872,1,3.529,3.174
15,-28,15,-28,0,1,52.935,-88.872,52.935,-88.872,1,3.529,3.174
-23,-27,-23,-27,0,1,-81.167,-85.698,-81.167,-85.698,1,3.529,3.174
-22,-27,-22,-27,0,1,-77.638,-85.698,-77.638,-85.698,1,3.529,3.174
-21,-27,-21,-27,0,1,-74.109,-85.698,-74.109,-85.698,1,3.529,3.174
-20,-27,-20,-27,0,1,-70.58,-85.698,-70.58,-85.698,1,3.529,3.174
-19,-27,-19,-27,0,1,-67.051,-85.698,-67.051,-85.698,1,3.529,3.174
-18,-27,-18,-27,0,1,-63.522,-85.698,-63.522,-85.698,1,3.529,3.174
-17,-27,-17,-27,0,1,-59.993,-85.698,-59.993,-85.698,1,3.529,3.174
-16,-27,-16,-27,0,1,-56.464,-85.698,-56.464,-85.698,1,3.529,3.174
-15,-27,-15,-27,0,1,-52.935,-85.698,-52.935,-85.698,1,3.529,3.174
-14,-27,-14,-27,0,1,-49.406,-85.698,-49.406,-85.698,1,3.529,3.174
-13,-27,-13,-27,0,1,-45.877,-85.698,-45.877,-85.698,1,3.529,3.174
-12,-27,-12,-27,0,1,-42.348,-85.698,-42.348,-85.698,1,3.529,3.174
-11,-27,-11,-27,0,1,-38.819,-85.698,-38.819,-85.698,1,3.529,3.174
-10,-27,-10,-27,0,1,-35.29,-85.698,-35.29,-85.698,1,3.529,3.174
-9,-27,-9,-27,0,1,-31.761,-85.698,-31.761,-85.698,1,3.529,3.174
-8,-27,-8,-27,0,1,-28.232,-85.698,-28.232,-85.698,1,3.529,3.174
-7,-27,-7,-27,0,1,-24.703,-85.698,-24.703,-85.698,1,3.529,3.174
-6,-27,-6,-27,0,1,-21.174,-85.698,-21.174,-85.698,1,3.529,3.174
-5,-27,-5,-27,0,1,-17.645,-85.698,-17.645,-85.698,1,3.529,3.174
-4,-27,-4,-27,0,1,-14.116,-85.698,-14.116,-85.698,1,3.529,3.174
-3,-27,-3,-27,0,1,-10.587,-85.698,-10.587,-85.698,1,3.529,3.174
-2,-27,-2,-27,0,1,-7.058,-85.698,-7.058,-85.698,1,3.529,3.174
-1,-27,-1,-27,0,1,-3.529,-85.698,-3.529,-85.698,1,3.529,3.174
0,-27,0,-27,0,1,0,-85.698,0,-85.698,1,3.529,3.174
1,-27,1,-27,0,1,3.529,-85.698,3.529,-85.698,1,3.529,3.174
2,-27,2,-27,0,1,7.058,-85.698,7.058,-85.698,1,3.529,3.174
3,-27,3,-27,0,1,10.587,-85.698,10.587,-85.698,1,3.529,3.174
4,-27,4,-27,0,1,14.116,-85.698,14.116,-85.698,1,3.529,3.174
5,-27,5,-27,0,1,17.645,-85.698,17.645,-85.698,1,3.529,3.174
6,-27,6,-27,0,1,21.174,-85.698,21.174,-85.698,1,3.529,3.174
7,-27,7,-27,0,1,24.703,-85.698,24.703,-85.698,1,3.529,3.174
8,-27,8,-27,0,1,28.232,-85.698,28.232,-85.698,1,3.529,3.174
9,-27,9,-27,0,1,31.761,-85.698,31.761,-85.698,1,3.529,3.174
10,-27,10,-27,0,1,35.29,-85.698,35.29,-85.698,1,3.529,3.174
11,-27,11,-27,0,1,38.819,-85.698,38.819,-85.698,1,3.529,3.174
12,-27,12,-27,0,1,42.348,-85.698,42.348,-85.698,1,3.529,3.174
13,-27,13,-27,0,1,45.877,-85.698,45.877,-85.698,1,3.529,3.174
14,-27,14,-27,0,1,49.406,-85.698,49.406,-85.698,1,3.529,3.174
15,-27,15,-27,0,1,52.935,-85.698,52.935,-85.698,1,3.529,3.174
-23,-26,-23,-26,0,1,-81.167,-82.524,-81.167,-82.524,1,3.529,3.174
-22,-26,-22,-26,0,1,-77.638,-82.524,-77.638,-82.524,1,3.529,3.174
-21,-26,-21,-26,0,1,-74.109,-82.524,-74.109,-82.524,1,3.529,3.174
-20,-26,-20,-26,0,1,-70.58,-82.524,-70.58,-82.524,1,3.529,3.174
-19,-26,-19,-26,0,1,-67.051,-82.524,-67.051,-82.524,1,3.529,3.174
-18,-26,-18,-26,0,1,-63.522,-82.524,-63.522,-82.524,1,3.529,3.174
-17,-26,-17,-26,0,1,-59.993,-82.524,-59.993,-82.524,1,3.529,3.174
-16,-26,-16,-26,0,1,-56.464,-82.524,-56.464,-82.524,1,3.529,3.174
-15,-26,-15,-26,0,1,-52.935,-82.524,-52.935,-82.524,1,3.529,3.174
-14,-26,-14,-26,0,1,-49.406,-82.524,-49.406,-82.524,1,3.529,3.174
-13,-26,-13,-26,0,1,-45.877,-82.524,-45.877,-82.524,1,3.529,3.174
-12,-26,-12,-26,0,1,-42.348,-82.524,-42.348,-82.524,1,3.529,3.174
-11,-26,-11,-26,0,1,-38.819,-82.524,-38.819,-82.524,1,3.529,3.174
-10,-26,-10,-26,0,1,-35.29,-82.524,-35.29,-82.524,1,3.529,3.174
-9,-26,-9,-26,0,1,-31.761,-82.524,-31.761,-82.524,1,3.529,3.174
-8,-26,-8,-26,0,1,-28.232,-82.524,-28.232,-82.524,1,3.529,3.174
-7,-26,-7,-26,0,1,-24.703,-82.524,-24.703,-82.524,1,3.529,3.174
-6,-26,-6,-26,0,1,-21.174,-82.524,-21.174,-82.524,1,3.529,3.174
-5,-26,-5,-26,0,1,-17.645,-82.524,-17.645,-82.524,1,3.529,3.174
-4,-26,-4,-26,0,1,-14.116,-82.524,-14.116,-82.524,1,3.529,3.174
-3,-26,-3,-26,0,1,-10.587,-82.524,-10.587,-82.524,1,3.529,3.174
-2,-26,-2,-26,0,1,-7.058,-82.524,-7.058,-82.524,1,3.529,3.174
-1,-26,-1,-26,0,1,-3.529,-82.524,-3.529,-82.524,1,3.529,3.174
0,-26,0,-26,0,1,0,-82.524,0,-82.524,1,3.529,3.174
1,-26,1,-26,0,1,3.529,-82.524,3.529,-82.524,1,3.529,3.174
2,-26,2,-26,0,1,7.058,-82.524,7.058,-82.524,1,3.529,3.174
3,-26,3,-26,0,1,10.587,-82.524,10.587,-82.524,1,3.529,3.174
4,-26,4,-26,0,1,14.116,-82.524,14.116,-82.524,1,3.529,3.174
5,-26,5,-26,0,1,17.645,-82.524,17.645,-82.524,1,3.529,3.174
6,-26,6,-26,0,1,21.174,-82.524,21.174,-82.524,1,3.529,3.174
7,-26,7,-26,0,1,24.703,-82.524,24.703,-82.524,1,3.529,3.174
8,-26,8,-26,0,1,28.232,-82.524,28.232,-82.524,1,3.529,3.174
9,-26,9,-26,0,1,31.761,-82.524,31.761,-82.524,1,3.529,3.174
10,-26,10,-26,0,1,35.29,-82.524,35.29,-82.524,1,3.529,3.174
11,-26,11,-26,0,1,38.819,-82.524,38.819,-82.524,1,3.529,3.174
12,-26,12,-26,0,1,42.348,-82.524,42.348,-82.524,1,3.529,3.174
13,-26,13,-26,0,1,45.877,-82.524,45.877,-82.524,1,3.529,3.174
14,-26,14,-26,0,1,49.406,-82.524,49.406,-82.524,1,3.529,3.174
15,-26,15,-26,0,1,52.935,-82.524,52.935,-82.524,1,3.529,3.174
-23,-25,-23,-25,0,1,-81.167,-79.35,-81.167,-79.35,1,3.529,3.174
-22,-25,-22,-25,0,1,-77.638,-79.35,-77.638,-79.35,1,3.529,3.174
-21,-25,-21,-25,0,1,-74.109,-79.35,-74.109,-79.35,1,3.529,3.174
-20,-25,-20,-25,0,1,-70.58,-79.35,-70.58,-79.35,1,3.529,3.174
-19,-25,-19,-25,0,1,-67.051,-79.35,-67.051,-79.35,1,3.529,3.174
-18,-25,-18,-25,0,1,-63.522,-79.35,-63.522,-79.35,1,3.529,3.174
-17,-25,-17,-25,0,1,-59.993,-79.35,-59.993,-79.35,1,3.529,3.174
-16,-25,-16,-25,0,1,-56.464,-79.35,-56.464,-79.35,1,3.529,3.174
-15,-25,-15,-25,0,1,-52.935,-79.35,-52.935,-79.35,1,3.529,3.174
-14,-25,-14,-25,0,1,-49.406,-79.35,-49.406,-79.35,1,3.529,3.174
-13,-25,-13,-25,0,1,-45.877,-79.35,-45.877,-79.35,1,3.529,3.174
-12,-25,-12,-25,0,1,-42.348,-79.35,-42.348,-79.35,1,3.529,3.174
-11,-25,-11,-25,0,1,-38.819,-79.35,-38.819,-79.35,1,3.529,3.174
-10,-25,-10,-25,0,1,-35.29,-79.35,-35.29,-79.35,1,3.529,3.174
-9,-25,-9,-25,0,1,-31.761,-79.35,-31.761,-79.35,1,3.529,3.174
-8,-25,-8,-25,0,1,-28.232,-79.35,-28.232,-79.35,1,3.529,3.174
-7,-25,-7,-25,0,1,-24.703,-79.35,-24.703,-79.35,1,3.529,3.174
-6,-25,-6,-25,0,1,-21.174,-79.35,-21.174,-79.35,1,3.529,3.174
-5,-25,-5,-25,0,1,-17.645,-79.35,-17.645,-79.35,1,3.529,3.174
-4,-25,-4,-25,0,1,-14.116,-79.35,-14.116,-79.35,1,3.529,3.174
-3,-25,-3,-25,0,1,-10.587,-79.35,-10.587,-79.35,1,3.529,3.174
-2,-25,-2,-25,0,1,-7.058,-79.35,-7.058,-79.35,1,3.529,3.174
-1,-25,-1,-25,0,1,-3.529,-79.35,-3.529,-79.35,1,3.529,3.174
0,-25,0,-25,0,1,0,-79.35,0,-79.35,1,3.529,3.174
1,-25,1,-25,0,1,3.529,-79.35,3.529,-79.35,1,3.529,3.174
2,-25,2,-25,0,1,7.058,-79.35,7.058,-79.35,1,3.529,3.174
3,-25,3,-25,0,1,10.587,-79.35,10.587,-79.35,1,3.529,3.174
4,-25,4,-25,0,1,14.116,-79.35,14.116,-79.35,1,3.529,3.174
5,-25,5,-25,0,1,17.645,-79.35,17.645,-79.35,1,3.529,3.174
6,-25,6,-25,0,1,21.174,-79.35,21.174,-79.35,1,3.529,3.174
7,-25,7,-25,0,1,24.703,-79.35,24.703,-79.35,1,3.529,3.174
8,-25,8,-25,0,1,28.232,-79.35,28.232,-79.35,1,3.529,3.174
9,-25,9,-25,0,1,31.761,-79.35,31.761,-79.35,1,3.529,3.174
10,-25,10,-25,0,1,35.29,-79.35,35.29,-79.35,1,3.529,3.174
11,-25,11,-25,0,1,38.819,-79.35,38.819,-79.35,1,3.529,3.174
12,-25,12,-25,0,1,42.348,-79.35,42.348,-79.35,1,3.529,3.174
13,-25,13,-25,0,1,45.877,-79.35,45.877,-79.35,1,3.529,3.174
14,-25,14,-25,0,1,49.406,-79.35,49.406,-79.35,1,3.529,3.174
15,-25,15,-25,0,1,52.935,-79.35,52.935,-79.35,1,3.529,3.174
-23,-24,-23,-24,0,1,-81.167,-76.176,-81.167,-76.176,1,3.529,3.174
-22,-24,-22,-24,0,1,-77.638,-76.176,-77.638,-76.176,1,3.529,3.174
-21,-24,-21,-24,0,1,-74.109,-76.176,-74.109,-76.176,1,3.529,3.174
-20,-24,-20,-24,0,1,-70.58,-76.176,-70.58,-76.176,1,3.529,3.174
-19,-24,-19,-24,0,1,-67.051,-76.176,-67.051,-76.176,1,3.529,3.174
-18,-24,-18,-24,0,1,-63.522,-76.176,-63.522,-76.176,1,3.529,3.174
-17,-24,-17,-24,0,1,-59.993,-76.176,-59.993,-76.176,1,3.529,3.174
-16,-24,-16,-24,0,1,-56.464,-76.176,-56.464,-76.176,1,3.529,3.174
-15,-24,-15,-24,0,1,-52.935,-76.176,-52.935,-76.176,1,3.529,3.174
-14,-24,-14,-24,0,1,-49.406,-76.176,-49.406,-76.176,1,3.529,3.174
-13,-24,-13,-24,0,1,-45.877,-76.176,-45.877,-76.176,1,3.529,3.174
-12,-24,-12,-24,0,1,-42.348,-76.176,-42.348,-76.176,1,3.529,3.174
-11,-24,-11,-24,0,1,-38.819,-76.176,-38.819,-76.176,1,3.529,3.174
-10,-24,-10,-24,0,1,-35.29,-76.176,-35.29,-76.176,1,3.529,3.174
-9,-24,-9,-24,0,1,-31.761,-76.176,-31.761,-76.176,1,3.529,3.174
-8,-24,-8,-24,0,1,-28.232,-76.176,-28.232,-76.176,1,3.529,3.174
-7,-24,-7,-24,0,1,-24.703,-76.176,-24.703,-76.176,1,3.529,3.174
-6,-24,-6,-24,0,1,-21.174,-76.176,-21.174,-76.176,1,3.529,3.174
-5,-24,-5,-24,0,1,-17.645,-76.176,-17.645,-76.176,1,3.529,3.174
-4,-24,-4,-24,0,1,-14.116,-76.176,-14.116,-76.176,1,3.529,3.174
-3,-24,-3,-24,0,1,-10.587,-76.176,-10.587,-76.176,1,3.529,3.174
-2,-24,-2,-24,0,1,-7.058,-76.176,-7.058,-76.176,1,3.529,3.174
-1,-24,-1,-24,0,1,-3.529,-76.176,-3.529,-76.176,1,3.529,3.174
0,-24,0,-24,0,1,0,-76.176,0,-76.176,1,3.529,3.174
1,-24,1,-24,0,1,3.529,-76.176,3.529,-76.176,1,3.529,3.174
2,-24,2,-24,0,1,7.058,-76.176,7.058,-76.176,1,3.529,3.174
3,-24,3,-24,0,1,10.587,-76.176,10.587,-76.176,1,3.529,3.174
4,-24,4,-24,0,1,14.116,-76.176,14.116,-76.176,1,3.529,3.174
5,-24,5,-24,0,1,17.645,-76.176,17.645,-76.176,1,3.529,3.174
6,-24,6,-24,0,1,21.174,-76.176,21.174,-76.176,1,3.529,3.174
7,-24,7,-24,0,1,24.703,-76.176,24.703,-76.176,1,3.529,3.174
8,-24,8,-24,0,1,28.232,-76.176,28.232,-76.176,1,3.529,3.174
9,-24,9,-24,0,1,31.761,-76.176,31.761,-76.176,1,3.529,3.174
10,-24,10,-24,0,1,35.29,-76.176,35.29,-76.176,1,3.529,3.174
11,-24,11,-24,0,1,38.819,-76.176,38.819,-76.176,1,3.529,3.174
12,-24,12,-24,0,1,42.348,-76.176,42.348,-76.176,1,3.529,3.174
13,-24,13,-24,0,1,45.877,-76.176,45.877,-76.176,1,3.529,3.174
14,-24,14,-24,0,1,49.406,-76.176,49.406,-76.176,1,3.529,3.174
15,-24,15,-24,0,1,52.935,-76.176,52.935,-76.176,1,3.529,3.174
-23,-23,-23,-23,0,1,-81.167,-73.002,-81.167,-73.002,1,3.529,3.174
-22,-23,-22,-23,0,1,-77.638,-73.002,-77.638,-73.002,1,3.529,3.174
-21,-23,-21,-23,0,1,-74.109,-73.002,-74.109,-73.002,1,3.529,3.174
-20,-23,-20,-23,0,1,-70.58,-73.002,-70.58,-73.002,1,3.529,3.174
-19,-23,-19,-23,0,1,-67.051,-73.002,-67.051,-73.002,1,3.529,3.174
-18,-23,-18,-23,0,1,-63.522,-73.002,-63.522,-73.002,1,3.529,3.174
-17,-23,-17,-23,0,1,-59.993,-73.002,-59.993,-73.002,1,3.529,3.174
-16,-23,-16,-23,0,1,-56.464,-73.002,-56.464,-73.002,1,3.529,3.174
-15,-23,-15,-23,0,1,-52.935,-73.002,-52.935,-73.002,1,3.529,3.174
-14,-23,-14,-23,0,1,-49.406,-73.002,-49.406,-73.002,1,3.529,3.174
-13,-23,-13,-23,0,1,-45.877,-73.002,-45.877,-73.002,1,3.529,3.174
-12,-23,-12,-23,0,1,-42.348,-73.002,-42.348,-73.002,1,3.529,3.174
-11,-23,-11,-23,0,1,-38.819,-73.002,-38.819,-73.002,1,3.529,3.174
-10,-23,-10,-23,0,1,-35.29,-73.002,-35.29,-73.002,1,3.529,3.174
-9,-23,-9,-23,0,1,-31.761,-73.002,-31.761,-73.002,1,3.529,3.174
-8,-23,-8,-23,0,1,-28.232,-73.002,-28.232,-73.002,1,3.529,3.174
-7,-23,-7,-23,0,1,-24.703,-73.002,-24.703,-73.002,1,3.529,3.174
-6,-23,-6,-23,0,1,-21.174,-73.002,-21.174,-73.002,1,3.529,3.174
-5,-23,-5,-23,0,1,-17.645,-73.002,-17.645,-73.002,1,3.529,3.174
-4,-23,-4,-23,0,1,-14.116,-73.002,-14.116,-73.002,1,3.529,3.174
-3,-23,-3,-23,0,1,-10.587,-73.002,-10.587,-73.002,1,3.529,3.174
-2,-23,-2,-23,0,1,-7.058,-73.002,-7.058,-73.002,1,3.529,3.174
-1,-23,-1,-23,0,1,-3.529,-73.002,-3.529,-73.002,1,3.529,3.174
0,-23,0,-23,0,1,0,-73.002,0,-73.002,1,3.529,3.174
1,-23,1,-23,0,1,3.529,-73.002,3.529,-73.002,1,3.529,3.174
2,-23,2,-23,0,1,7.058,-73.002,7.058,-73.002,1,3.529,3.174
3,-23,3,-23,0,1,10.587,-73.002,10.587,-73.002,1,3.529,3.174
4,-23,4,-23,0,1,14.116,-73.002,14.116,-73.002,1,3.529,3.174
5,-23,5,-23,0,1,17.645,-73.002,17.645,-73.002,1,3.529,3.174
6,-23,6,-23,0,1,21.174,-73.002,21.174,-73.002,1,3.529,3.174
7,-23,7,-23,0,1,24.703,-73.002,24.703,-73.002,1,3.529,3.174
8,-23,8,-23,0,1,28.232,-73.002,28.232,-73.002,1,3.529,3.174
9,-23,9,-23,0,1,31.761,-73.002,31.761,-73.002,1,3.529,3.174
10,-23,10,-23,0,1,35.29,-73.002,35.29,-73.002,1,3.529,3.174
11,-23,11,-23,0,1,38.819,-73.002,38.819,-73.002,1,3.529,3.174
12,-23,12,-23,0,1,42.348,-73.002,42.348,-73.002,1,3.529,3.174
13,-23,13,-23,0,1,45.877,-73.002,45.877,-73.002,1,3.529,3.174
14,-23,14,-23,0,1,49.406,-73.002,49.406,-73.002,1,3.529,3.174
15,-23,15,-23,0,1,52.935,-73.002,52.935,-73.002,1,3.529,3.174
-23,-22,-23,-22,0,1,-81.167,-69.828,-81.167,-69.828,1,3.529,3.174
-22,-22,-22,-22,0,1,-77.638,-69.828,-77.638,-69.828,1,3.529,3.174
-21,-22,-21,-22,0,1,-74.109,-69.828,-74.109,-69.828,1,3.529,3.174
-20,-22,-20,-22,0,1,-70.58,-69.828,-70.58,-69.828,1,3.529,3.174
-19,-22,-19,-22,0,1,-67.051,-69.828,-67.051,-69.828,1,3.529,3.174
-18,-22,-18,-22,0,1,-63.522,-69.828,-63.522,-69.828,1,3.529,3.174
-17,-22,-17,-22,0,1,-59.993,-69.828,-59.993,-69.828,1,3.529,3.174
-16,-22,-16,-22,0,1,-56.464,-69.828,-56.464,-69.828,1,3.529,3.174
-15,-22,-15,-22,0,1,-52.935,-69.828,-52.935,-69.828,1,3.529,3.174
-14,-22,-14,-22,0,1,-49.406,-69.828,-49.406,-69.828,1,3.529,3.174
-13,-22,-13,-22,0,1,-45.877,-69.828,-45.877,-69.828,1,3.529,3.174
-12,-22,-12,-22,0,1,-42.348,-69.828,-42.348,-69.828,1,3.529,3.174
-11,-22,-11,-22,0,1,-38.819,-69.828,-38.819,-69.828,1,3.529,3.174
-10,-22,-10,-22,0,1,-35.29,-69.828,-35.29,-69.828,1,3.529,3.174
-9,-22,-9,-22,0,1,-31.761,-69.828,-31.761,-69.828,1,3.529,3.174
-8,-22,-8,-22,0,1,-28.232,-69.828,-28.232,-69.828,1,3.529,3.174
-7,-22,-7,-22,0,1,-24.703,-69.828,-24.703,-69.828,1,3.529,3.174
-6,-22,-6,-22,0,1,-21.174,-69.828,-21.174,-69.828,1,3.529,3.174
-5,-22,-5,-22,0,1,-17.645,-69.828,-17.645,-69.828,1,3.529,3.174
-4,-22,-4,-22,0,1,-14.116,-69.828,-14.116,-69.828,1,3.529,3.174
-3,-22,-3,-22,0,1,-10.587,-69.828,-10.587,-69.828,1,3.529,3.174
-2,-22,-2,-22,0,1,-7.058,-69.828,-7.058,-69.828,1,3.529,3.174
-1,-22,-1,-22,0,1,-3.529,-69.828,-3.529,-69.828,1,3.529,3.174
0,-22,0,-22,0,1,0,-69.828,0,-69.828,1,3.529,3.174
1,-22,1,-22,0,1,3.529,-69.828,3.529,-69.828,1,3.529,3.174
2,-22,2,-22,0,1,7.058,-69.828,7.058,-69.828,1,3.529,3.174
3,-22,3,-22,0,1,10.587,-69.828,10.587,-69.828,1,3.529,3.174
4,-22,4,-22,0,1,14.116,-69.828,14.116,-69.828,1,3.529,3.174
5,-22,5,-22,0,1,17.645,-69.828,17.645,-69.828,1,3.529,3.174
6,-22,6,-22,0,1,21.174,-69.828,21.174,-69.828,1,3.529,3.174
7,-22,7,-22,0,1,24.703,-69.828,24.703,-69.828,1,3.529,3.174
8,-22,8,-22,0,1,28.232,-69.828,28.232,-69.828,1,3.529,3.174
9,-22,9,-22,0,1,31.761,-69.828,31.761,-69.828,1,3.529,3.174
10,-22,10,-22,0,1,35.29,-69.828,35.29,-69.828,1,3.529,3.174
11,-22,11,-22,0,1,38.819,-69.828,38.819,-69.828,1,3.529,3.174
12,-22,12,-22,0,1,42.348,-69.828,42.348,-69.828,1,3.529,3.174
13,-22,13,-22,0,1,45.877,-69.828,45.877,-69.828,1,3.529,3.174
14,-22,14,-22,0,1,49.406,-69.828,49.406,-69.828,1,3.529,3.174
15,-22,15,-22,0,1,52.935,-69.828,52.935,-69.828,1,3.529,3.174
-23,-21,-23,-21,0,1,-81.167,-66.654,-81.167,-66.654,1,3.529,3.174
-22,-21,-22,-21,0,1,-77.638,-66.654,-77.638,-66.654,1,3.529,3.174
-21,-21,-21,-21,0,1,-74.109,-66.654,-74.109,-66.654,1,3.529,3.174
-20,-21,-20,-21,0,1,-70.58,-66.654,-70.58,-66.654,1,3.529,3.174
-19,-21,-19,-21,0,1,-67.051,-66.654,-67.051,-66.654,1,3.529,3.174
-18,-21,-18,-21,0,1,-63.522,-66.654,-63.522,-66.654,1,3.529,3.174
-17,-21,-17,-21,0,1,-59.993,-66.654,-59.993,-66.654,1,3.529,3.174
-16,-21,-16,-21,0,1,-56.464,-66.654,-56.464,-66.654,1,3.529,3.174
-15,-21,-15,-21,0,1,-52.935,-66.654,-52.935,-66.654,1,3.529,3.174
-14,-21,-14,-21,0,1,-49.406,-66.654,-49.406,-66.654,1,3.529,3.174
-13,-21,-13,-21,0,1,-45.877,-66.654,-45.877,-66.654,1,3.529,3.174
-12,-21,-12,-21,0,1,-42.348,-66.654,-42.348,-66.654,1,3.529,3.174
-11,-21,-11,-21,0,1,-38.819,-66.654,-38.819,-66.654,1,3.529,3.174
-10,-21,-10,-21,0,1,-35.29,-66.654,-35.29,-66.654,1,3.529,3.174
-9,-21,-9,-21,0,1,-31.761,-66.654,-31.761,-66.654,1,3.529,3.174
-8,-21,-8,-21,0,1,-28.232,-66.654,-28.232,-66.654,1,3.529,3.174
-7,-21,-7,-21,0,1,-24.703,-66.654,-24.703,-66.654,1,3.529,3.174
-6,-21,-6,-21,0,1,-21.174,-66.654,-21.174,-66.654,1,3.529,3.174
-5,-21,-5,-21,0,1,-17.645,-66.654,-17.645,-66.654,1,3.529,3.174
-4,-21,-4,-21,0,1,-14.116,-66.654,-14.116,-66.654,1,3.529,3.174
-3,-21,-3,-21,0,1,-10.587,-66.654,-10.587,-66.654,1,3.529,3.174
-2,-21,-2,-21,0,1,-7.058,-66.654,-7.058,-66.654,1,3.529,3.174
-1,-21,-1,-21,0,1,-3.529,-66.654,-3.529,-66.654,1,3.529,3.174
0,-21,0,-21,0,1,0,-66.654,0,-66.654,1,3.529,3.174
1,-21,1,-21,0,1,3.529,-66.654,3.529,-66.654,1,3.529,3.174
2,-21,2,-21,0,1,7.058,-66.654,7.058,-66.654,1,3.529,3.174
3,-21,3,-21,0,1,10.587,-66.654,10.587,-66.654,1,3.529,3.174
4,-21,4,-21,0,1,14.116,-66.654,14.116,-66.654,1,3.529,3.174
5,-21,5,-21,0,1,17.645,-66.654,17.645,-66.654,1,3.529,3.174
6,-21,6,-21,0,1,21.174,-66.654,21.174,-66.654,1,3.529,3.174
7,-21,7,-21,0,1,24.703,-66.654,24.703,-66.654,1,3.529,3.174
8,-21,8,-21,0,1,28.232,-66.654,28.232,-66.654,1,3.529,3.174
9,-21,9,-21,0,1,31.761,-66.654,31.761,-66.654,1,3.529,3.174
10,-21,10,-21,0,1,35.29,-66.654,35.29,-66.654,1,3.529,3.174
11,-21,11,-21,0,1,38.819,-66.654,38.819,-66.654,1,3.529,3.174
12,-21,12,-21,0,1,42.348,-66.654,42.348,-66.654,1,3.529,3.174
13,-21,13,-21,0,1,45.877,-66.654,45.877,-66.654,1,3.529,3.174
14,-21,14,-21,0,1,49.406,-66.654,49.406,-66.654,1,3.529,3.174
15,-21,15,-21,0,1,52.935,-66.654,52.935,-66.654,1,3.529,3.174
-23,-20,-23,-20,0,1,-81.167,-63.48,-81.167,-63.48,1,3.529,3.174
-22,-20,-22,-20,0,1,-77.638,-63.48,-77.638,-63.48,1,3.529,3.174
-21,-20,-21,-20,0,1,-74.109,-63.48,-74.109,-63.48,1,3.529,3.174
-20,-20,-20,-20,0,1,-70.58,-63.48,-70.58,-63.48,1,3.529,3.174
-19,-20,-19,-20,0,1,-67.051,-63.48,-67.051,-63.48,1,3.529,3.174
-18,-20,-18,-20,0,1,-63.522,-63.48,-63.522,-63.48,1,3.529,3.174
-17,-20,-17,-20,0,1,-59.993,-63.48,-59.993,-63.48,1,3.529,3.174
-16,-20,-16,-20,0,1,-56.464,-63.48,-56.464,-63.48,1,3.529,3.174
-15,-20,-15,-20,0,1,-52.935,-63.48,-52.935,-63.48,1,3.529,3.174
-14,-20,-14,-20,0,1,-49.406,-63.48,-49.406,-63.48,1,3.529,3.174
-13,-20,-13,-20,0,1,-45.877,-63.48,-45.877,-63.48,1,3.529,3.174
-12,-20,-12,-20,0,1,-42.348,-63.48,-42.348,-63.48,1,3.529,3.174
-11,-20,-11,-20,0,1,-38.819,-63.48,-38.819,-63.48,1,3.529,3.174
-10,-20,-10,-20,0,1,-35.29,-63.48,-35.29,-63.48,1,3.529,3.174
-9,-20,-9,-20,0,1,-31.761,-63.48,-31.761,-63.48,1,3.529,3.174
-8,-20,-8,-20,0,1,-28.232,-63.48,-28.232,-63.48,1,3.529,3.174
-7,-20,-7,-20,0,1,-24.703,-63.48,-24.703,-63.48,1,3.529,3.174
-6,-20,-6,-20,0,1,-21.174,-63.48,-21.174,-63.48,1,3.529,3.174
-5,-20,-5,-20,0,1,-17.645,-63.48,-17.645,-63.48,1,3.529,3.174
-4,-20,-4,-20,0,1,-14.116,-63.48,-14.116,-63.48,1,3.529,3.174
-3,-20,-3,-20,0,1,-10.587,-63.48,-10.587,-63.48,1,3.529,3.174
-2,-20,-2,-20,0,1,-7.058,-63.48,-7.058,-63.48,1,3.529,3.174
-1,-20,-1,-20,0,1,-3.529,-63.48,-3.529,-63.48,1,3.529,3.174
0,-20,0,-20,0,1,0,-63.48,0,-63.48,1,3.529,3.174
1,-20,1,-20,0,1,3.529,-63.48,3.529,-63.48,1,3.529,3.174
2,-20,2,-20,0,1,7.058,-63.48,7.058,-63.48,1,3.529,3.174
3,-20,3,-20,0,1,10.587,-63.48,10.587,-63.48,1,3.529,3.174
4,-20,4,-20,0,1,14.116,-63.48,14.116,-63.48,1,3.529,3.174
5,-20,5,-20,0,1,17.645,-63.48,17.645,-63.48,1,3.529,3.174
6,-20,6,-20,0,1,21.174,-63.48,21.174,-63.48,1,3.529,3.174
7,-20,7,-20,0,1,24.703,-63.48,24.703,-63.48,1,3.529,3.174
8,-20,8,-20,0,1,28.232,-63.48,28.232,-63.48,1,3.529,3.174
9,-20,9,-20,0,1,31.761,-63.48,31.761,-63.48,1,3.529,3.174
10,-20,10,-20,0,1,35.29,-63.48,35.29,-63.48,1,3.529,3.174
11,-20,11,-20,0,1,38.819,-63.48,38.819,-63.48,1,3.529,3.174
12,-20,12,-20,0,1,42.348,-63.48,42.348,-63.48,1,3.529,3.174
13,-20,13,-20,0,1,45.877,-63.48,45.877,-63.48,1,3.529,3.174
14,-20,14,-20,0,1,49.406,-63.48,49.406,-63.48,1,3.529,3.174
15,-20,15,-20,0,1,52.935,-63.48,52.935,-63.48,1,3.529,3.174
-23,-19,-23,-19,0,1,-81.167,-60.306,-81.167,-60.306,1,3.529,3.174
-22,-19,-22,-19,0,1,-77.638,-60.306,-77.638,-60.306,1,3.529,3.174
-21,-19,-21,-19,0,1,-74.109,-60.306,-74.109,-60.306,1,3.529,3.174
-20,-19,-20,-19,0,1,-70.58,-60.306,-70.58,-60.306,1,3.529,3.174
-19,-19,-19,-19,0,1,-67.051,-60.306,-67.051,-60.306,1,3.529,3.174
-18,-19,-18,-19,0,1,-63.522,-60.306,-63.522,-60.306,1,3.529,3.174
-17,-19,-17,-19,0,1,-59.993,-60.306,-59.993,-60.306,1,3.529,3.174
-16,-19,-16,-19,0,1,-56.464,-60.306,-56.464,-60.306,1,3.529,3.174
-15,-19,-15,-19,0,1,-52.935,-60.306,-52.935,-60.306,1,3.529,3.174
-14,-19,-14,-19,0,1,-49.406,-60.306,-49.406,-60.306,1,3.529,3.174
-13,-19,-13,-19,0,1,-45.877,-60.306,-45.877,-60.306,1,3.529,3.174
-12,-19,-12,-19,0,1,-42.348,-60.306,-42.348,-60.306,1,3.529,3.174
-11,-19,-11,-19,0,1,-38.819,-60.306,-38.819,-60.306,1,3.529,3.174
-10,-19,-10,-19,0,1,-35.29,-60.306,-35.29,-60.306,1,3.529,3.174
-9,-19,-9,-19,0,1,-31.761,-60.306,-31.761,-60.306,1,3.529,3.174
-8,-19,-8,-19,0,1,-28.232,-60.306,-28.232,-60.306,1,3.529,3.174
-7,-19,-7,-19,0,1,-24.703,-60.306,-24.703,-60.306,1,3.529,3.174
-6,-19,-6,-19,0,1,-21.174,-60.306,-21.174,-60.306,1,3.529,3.174
-5,-19,-5,-19,0,1,-17.645,-60.306,-17.645,-60.306,1,3.529,3.174
-4,-19,-4,-19,0,1,-14.116,-60.306,-14.116,-60.306,1,3.529,3.174
-3,-19,-3,-19,0,1,-10.587,-60.306,-10.587,-60.306,1,3.529,3.174
-2,-19,-2,-19,0,1,-7.058,-60.306,-7.058,-60.306,1,3.529,3.174
-1,-19,-1,-19,0,1,-3.529,-60.306,-3.529,-60.306,1,3.529,3.174
0,-19,0,-19,0,1,0,-60.306,0,-60.306,1,3.529,3.174
1,-19,1,-19,0,1,3.529,-60.306,3.529,-60.306,1,3.529,3.174
2,-19,2,-19,0,1,7.058,-60.306,7.058,-60.306,1,3.529,3.174
3,-19,3,-19,0,1,10.587,-60.306,10.587,-60.306,1,3.529,3.174
4,-19,4,-19,0,1,14.116,-60.306,14.116,-60.306,1,3.529,3.174
5,-19,5,-19,0,1,17.645,-60.306,17.645,-60.306,1,3.529,3.174
6,-19,6,-19,0,1,21.174,-60.306,21.174,-60.306,1,3.529,3.174
7,-19,7,-19,0,1,24.703,-60.306,24.703,-60.306,1,3.529,3.174
8,-19,8,-19,0,1,28.232,-60.306,28.232,-60.306,1,3.529,3.174
9,-19,9,-19,0,1,31.761,-60.306,31.761,-60.306,1,3.529,3.174
10,-19,10,-19,0,1,35.29,-60.306,35.29,-60.306,1,3.529,3.174
11,-19,11,-19,0,1,38.819,-60.306,38.819,-60.306,1,3.529,3.174
12,-19,12,-19,0,1,42.348,-60.306,42.348,-60.306,1,3.529,3.174
13,-19,13,-19,0,1,45.877,-60.306,45.877,-60.306,1,3.529,3.174
14,-19,14,-19,0,1,49.406,-60.306,49.406,-60.306,1,3.529,3.174
15,-19,15,-19,0,1,52.935,-60.306,52.935,-60.306,1,3.529,3.174
-23,-18,-23,-18,0,1,-81.167,-57.132,-81.167,-57.132,1,3.529,3.174
-22,-18,-22,-18,0,1,-77.638,-57.132,-77.638,-57.132,1,3.529,3.174
-21,-18,-21,-18,0,1,-74.109,-57.132,-74.109,-57.132,1,3.529,3.174
-20,-18,-20,-18,0,1,-70.58,-57.132,-70.58,-57.132,1,3.529,3.174
-19,-18,-19,-18,0,1,-67.051,-57.132,-67.051,-57.132,1,3.529,3.174
-18,-18,-18,-18,0,1,-63.522,-57.132,-63.522,-57.132,1,3.529,3.174
-17,-18,-17,-18,0,1,-59.993,-57.132,-59.993,-57.132,1,3.529,3.174
-16,-18,-16,-18,0,1,-56.464,-57.132,-56.464,-57.132,1,3.529,3.174
-15,-18,-15,-18,0,1,-52.935,-57.132,-52.935,-57.132,1,3.529,3.174
-14,-18,-14,-18,0,1,-49.406,-57.132,-49.406,-57.132,1,3.529,3.174
-13,-18,-13,-18,0,1,-45.877,-57.132,-45.877,-57.132,1,3.529,3.174
-12,-18,-12,-18,0,1,-42.348,-57.132,-42.348,-57.132,1,3.529,3.174
-11,-18,-11,-18,0,1,-38.819,-57.132,-38.819,-57.132,1,3.529,3.174
-10,-18,-10,-18,0,1,-35.29,-57.132,-35.29,-57.132,1,3.529,3.174
-9,-18,-9,-18,0,1,-31.761,-57.132,-31.761,-57.132,1,3.529,3.174
-8,-18,-8,-18,0,1,-28.232,-57.132,-28.232,-57.132,1,3.529,3.174
-7,-18,-7,-18,0,1,-24.703,-57.132,-24.703,-57.132,1,3.529,3.174
-6,-18,-6,-18,0,1,-21.174,-57.132,-21.174,-57.132,1,3.529,3.174
-5,-18,-5,-18,0,1,-17.645,-57.132,-17.645,-57.132,1,3.529,3.174
-4,-18,-4,-18,0,1,-14.116,-57.132,-14.116,-57.132,1,3.529,3.174
-3,-18,-3,-18,0,1,-10.587,-57.132,-10.587,-57.132,1,3.529,3.174
-2,-18,-2,-18,0,1,-7.058,-57.132,-7.058,-57.132,1,3.529,3.174
-1,-18,-1,-18,0,1,-3.529,-57.132,-3.529,-57.132,1,3.529,3.174
0,-18,0,-18,0,1,0,-57.132,0,-57.132,1,3.529,3.174
1,-18,1,-18,0,1,3.529,-57.132,3.529,-57.132,1,3.529,3.174
2,-18,2,-18,0,1,7.058,-57.132,7.058,-57.132,1,3.529,3.174
3,-18,3,-18,0,1,10.587,-57.132,10.587,-57.132,1,3.529,3.174
4,-18,4,-18,0,1,14.116,-57.132,14.116,-57.132,1,3.529,3.174
5,-18,5,-18,0,1,17.645,-57.132,17.645,-57.132,1,3.529,3.174
6,-18,6,-18,0,1,21.174,-57.132,21.174,-57.132,1,3.529,3.174
7,-18,7,-18,0,1,24.703,-57.132,24.703,-57.132,1,3.529,3.174
8,-18,8,-18,0,1,28.232,-57.132,28.232,-57.132,1,3.529,3.174
9,-18,9,-18,0,1,31.761,-57.132,31.761,-57.132,1,3.529,3.174
10,-18,10,-18,0,1,35.29,-57.132,35.29,-57.132,1,3.529,3.174
11,-18,11,-18,0,1,38.819,-57.132,38.819,-57.132,1,3.529,3.174
12,-18,12,-18,0,1,42.348,-57.132,42.348,-57.132,1,3.529,3.174
13,-18,13,-18,0,1,45.877,-57.132,45.877,-57.132,1,3.529,3.174
14,-18,14,-18,0,1,49.406,-57.132,49.406,-57.132,1,3.529,3.174
15,-18,15,-18,0,1,52.935,-57.132,52.935,-57.132,1,3.529,3.174
-23,-17,-23,-17,0,1,-81.167,-53.958,-81.167,-53.958,1,3.529,3.174
-22,-17,-22,-17,0,1,-77.638,-53.958,-77.638,-53.958,1,3.529,3.174
-21,-17,-21,-17,0,1,-74.109,-53.958,-74.109,-53.958,1,3.529,3.174
-20,-17,-20,-17,0,1,-70.58,-53.958,-70.58,-53.958,1,3.529,3.174
-19,-17,-19,-17,0,1,-67.051,-53.958,-67.051,-53.958,1,3.529,3.174
-18,-17,-18,-17,0,1,-63.522,-53.958,-63.522,-53.958,1,3.529,3.174
-17,-17,-17,-17,0,1,-59.993,-53.958,-59.993,-53.958,1,3.529,3.174
-16,-17,-16,-17,0,1,-56.464,-53.958,-56.464,-53.958,1,3.529,3.174
-15,-17,-15,-17,0,1,-52.935,-53.958,-52.935,-53.958,1,3.529,3.174
-14,-17,-14,-17,0,1,-49.406,-53.958,-49.406,-53.958,1,3.529,3.174
-13,-17,-13,-17,0,1,-45.877,-53.958,-45.877,-53.958,1,3.529,3.174
-12,-17,-12,-17,0,1,-42.348,-53.958,-42.348,-53.958,1,3.529,3.174
-11,-17,-11,-17,0,1,-38.819,-53.958,-38.819,-53.958,1,3.529,3.174
-10,-17,-10,-17,0,1,-35.29,-53.958,-35.29,-53.958,1,3.529,3.174
-9,-17,-9,-17,0,1,-31.761,-53.958,-31.761,-53.958,1,3.529,3.174
-8,-17,-8,-17,0,1,-28.232,-53.958,-28.232,-53.958,1,3.529,3.174
-7,-17,-7,-17,0,1,-24.703,-53.958,-24.703,-53.958,1,3.529,3.174
-6,-17,-6,-17,0,1,-21.174,-53.958,-21.174,-53.958,1,3.529,3.174
-5,-17,-5,-17,0,1,-17.645,-53.958,-17.645,-53.958,1,3.529,3.174
-4,-17,-4,-17,0,1,-14.116,-53.958,-14.116,-53.958,1,3.529,3.174
-3,-17,-3,-17,0,1,-10.587,-53.958,-10.587,-53.958,1,3.529,3.174
-2,-17,-2,-17,0,1,-7.058,-53.958,-7.058,-53.958,1,3.529,3.174
-1,-17,-1,-17,0,1,-3.529,-53.958,-3.529,-53.958,1,3.529,3.174
0,-17,0,-17,0,1,0,-53.958,0,-53.958,1,3.529,3.174
1,-17,1,-17,0,1,3.529,-53.958,3.529,-53.958,1,3.529,3.174
2,-17,2,-17,0,1,7.058,-53.958,7.058,-53.958,1,3.529,3.174
3,-17,3,-17,0,1,10.587,-53.958,10.587,-53.958,1,3.529,3.174
4,-17,4,-17,0,1,14.116,-53.958,14.116,-53.958,1,3.529,3.174
5,-17,5,-17,0,1,17.645,-53.958,17.645,-53.958,1,3.529,3.174
6,-17,6,-17,0,1,21.174,-53.958,21.174,-53.958,1,3.529,3.174
7,-17,7,-17,0,1,24.703,-53.958,24.703,-53.958,1,3.529,3.174
8,-17,8,-17,0,1,28.232,-53.958,28.232,-53.958,1,3.529,3.174
9,-17,9,-17,0,1,31.761,-53.958,31.761,-53.958,1,3.529,3.174
10,-17,10,-17,0,1,35.29,-53.958,35.29,-53.958,1,3.529,3.174
11,-17,11,-17,0,1,38.819,-53.958,38.819,-53.958,1,3.529,3.174
12,-17,12,-17,0,1,42.348,-53.958,42.348,-53.958,1,3.529,3.174
13,-17,13,-17,0,1,45.877,-53.958,45.877,-53.958,1,3.529,3.174
14,-17,14,-17,0,1,49.406,-53.958,49.406,-53.958,1,3.529,3.174
15,-17,15,-17,0,1,52.935,-53.958,52.935,-53.958,1,3.529,3.174
-23,-16,-23,-16,0,1,-81.167,-50.784,-81.167,-50.784,1,3.529,3.174
-22,-16,-22,-16,0,1,-77.638,-50.784,-77.638,-50.784,1,3.529,3.174
-21,-16,-21,-16,0,1,-74.109,-50.784,-74.109,-50.784,1,3.529,3.174
-20,-16,-20,-16,0,1,-70.58,-50.784,-70.58,-50.784,1,3.529,3.174
-19,-16,-19,-16,0,1,-67.051,-50.784,-67.051,-50.784,1,3.529,3.174
-18,-16,-18,-16,0,1,-63.522,-50.784,-63.522,-50.784,1,3.529,3.174
-17,-16,-17,-16,0,1,-59.993,-50.784,-59.993,-50.784,1,3.529,3.174
-16,-16,-16,-16,0,1,-56.464,-50.784,-56.464,-50.784,1,3.529,3.174
-15,-16,-15,-16,0,1,-52.935,-50.784,-52.935,-50.784,1,3.529,3.174
-14,-16,-14,-16,0,1,-49.406,-50.784,-49.406,-50.784,1,3.529,3.174
-13,-16,-13,-16,0,1,-45.877,-50.784,-45.877,-50.784,1,3.529,3.174
-12,-16,-12,-16,0,1,-42.348,-50.784,-42.348,-50.784,1,3.529,3.174
-11,-16,-11,-16,0,1,-38.819,-50.784,-38.819,-50.784,1,3.529,3.174
-10,-16,-10,-16,0,1,-35.29,-50.784,-35.29,-50.784,1,3.529,3.174
-9,-16,-9,-16,0,1,-31.761,-50.784,-31.761,-50.784,1,3.529,3.174
-8,-16,-8,-16,0,1,-28.232,-50.784,-28.232,-50.784,1,3.529,3.174
-7,-16,-7,-16,0,1,-24.703,-50.784,-24.703,-50.784,1,3.529,3.174
-6,-16,-6,-16,0,1,-21.174,-50.784,-21.174,-50.784,1,3.529,3.174
-5,-16,-5,-16,0,1,-17.645,-50.784,-17.645,-50.784,1,3.529,3.174
-4,-16,-4,-16,0,1,-14.116,-50.784,-14.116,-50.784,1,3.529,3.174
-3,-16,-3,-16,0,1,-10.587,-50.784,-10.587,-50.784,1,3.529,3.174
-2,-16,-2,-16,0,1,-7.058,-50.784,-7.058,-50.784,1,3.529,3.174
-1,-16,-1,-16,0,1,-3.529,-50.784,-3.529,-50.784,1,3.529,3.174
0,-16,0,-16,0,1,0,-50.784,0,-50.784,1,3.529,3.174
1,-16,1,-16,0,1,3.529,-50.784,3.529,-50.784,1,3.529,3.174
2,-16,2,-16,0,1,7.058,-50.784,7.058,-50.784,1,3.529,3.174
3,-16,3,-16,0,1,10.587,-50.784,10.587,-50.784,1,3.529,3.174
4,-16,4,-16,0,1,14.116,-50.784,14.116,-50.784,1,3.529,3.174
5,-16,5,-16,0,1,17.645,-50.784,17.645,-50.784,1,3.529,3.174
6,-16,6,-16,0,1,21.174,-50.784,21.174,-50.784,1,3.529,3.174
7,-16,7,-16,0,1,24.703,-50.784,24.703,-50.784,1,3.529,3.174
8,-16,8,-16,0,1,28.232,-50.784,28.232,-50.784,1,3.529,3.174
9,-16,9,-16,0,1,31.761,-50.784,31.761,-50.784,1,3.529,3.174
10,-16,10,-16,0,1,35.29,-50.784,35.29,-50.784,1,3.529,3.174
11,-16,11,-16,0,1,38.819,-50.784,38.819,-50.784,1,3.529,3.174
12,-16,12,-16,0,1,42.348,-50.784,42.348,-50.784,1,3.529,3.174
13,-16,13,-16,0,1,45.877,-50.784,45.877,-50.784,1,3.529,3.174
14,-16,14,-16,0,1,49.406,-50.784,49.406,-50.784,1,3.529,3.174
15,-16,15,-16,0,1,52.935,-50.784,52.935,-50.784,1,3.529,3.174
-23,-15,-23,-15,0,1,-81.167,-47.61,-81.167,-47.61,1,3.529,3.174
-22,-15,-22,-15,0,1,-77.638,-47.61,-77.638,-47.61,1,3.529,3.174
-21,-15,-21,-15,0,1,-74.109,-47.61,-74.109,-47.61,1,3.529,3.174
-20,-15,-20,-15,0,1,-70.58,-47.61,-70.58,-47.61,1,3.529,3.174
-19,-15,-19,-15,0,1,-67.051,-47.61,-67.051,-47.61,1,3.529,3.174
-18,-15,-18,-15,0,1,-63.522,-47.61,-63.522,-47.61,1,3.529,3.174
-17,-15,-17,-15,0,1,-59.993,-47.61,-59.993,-47.61,1,3.529,3.174
-16,-15,-16,-15,0,1,-56.464,-47.61,-56.464,-47.61,1,3.529,3.174
-15,-15,-15,-15,0,1,-52.935,-47.61,-52.935,-47.61,1,3.529,3.174
-14,-15,-14,-15,0,1,-49.406,-47.61,-49.406,-47.61,1,3.529,3.174
-13,-15,-13,-15,0,1,-45.877,-47.61,-45.877,-47.61,1,3.529,3.174
-12,-15,-12,-15,0,1,-42.348,-47.61,-42.348,-47.61,1,3.529,3.174
-11,-15,-11,-15,0,1,-38.819,-47.61,-38.819,-47.61,1,3.529,3.174
-10,-15,-10,-15,0,1,-35.29,-47.61,-35.29,-47.61,1,3.529,3.174
-9,-15,-9,-15,0,1,-31.761,-47.61,-31.761,-47.61,1,3.529,3.174
-8,-15,-8,-15,0,1,-28.232,-47.61,-28.232,-47.61,1,3.529,3.174
-7,-15,-7,-15,0,1,-24.703,-47.61,-24.703,-47.61,1,3.529,3.174
-6,-15,-6,-15,0,1,-21.174,-47.61,-21.174,-47.61,1,3.529,3.174
-5,-15,-5,-15,0,1,-17.645,-47.61,-17.645,-47.61,1,3.529,3.174
-4,-15,-4,-15,0,1,-14.116,-47.61,-14.116,-47.61,1,3.529,3.174
-3,-15,-3,-15,0,1,-10.587,-47.61,-10.587,-47.61,1,3.529,3.174
-2,-15,-2,-15,0,1,-7.058,-47.61,-7.058,-47.61,1,3.529,3.174
-1,-15,-1,-15,0,1,-3.529,-47.61,-3.529,-47.61,1,3.529,3.174
0,-15,0,-15,0,1,0,-47.61,0,-47.61,1,3.529,3.174
1,-15,1,-15,0,1,3.529,-47.61,3.529,-47.61,1,3.529,3.174
2,-15,2,-15,0,1,7.058,-47.61,7.058,-47.61,1,3.529,3.174
3,-15,3,-15,0,1,10.587,-47.61,10.587,-47.61,1,3.529,3.174
4,-15,4,-15,0,1,14.116,-47.61,14.116,-47.61,1,3.529,3.174
5,-15,5,-15,0,1,17.645,-47.61,17.645,-47.61,1,3.529,3.174
6,-15,6,-15,0,1,21.174,-47.61,21.174,-47.61,1,3.529,3.174
7,-15,7,-15,0,1,24.703,-47.61,24.703,-47.61,1,3.529,3.174
8,-15,8,-15,0,1,28.232,-47.61,28.232,-47.61,1,3.529,3.174
9,-15,9,-15,0,1,31.761,-47.61,31.761,-47.61,1,3.529,3.174
10,-15,10,-15,0,1,35.29,-47.61,35.29,-47.61,1,3.529,3.174
11,-15,11,-15,0,1,38.819,-47.61,38.819,-47.61,1,3.529,3.174
12,-15,12,-15,0,1,42.348,-47.61,42.348,-47.61,1,3.529,3.174
13,-15,13,-15,0,1,45.877,-47.61,45.877,-47.61,1,3.529,3.174
14,-15,14,-15,0,1,49.406,-47.61,49.406,-47.61,1,3.529,3.174
15,-15,15,-15,0,1,52.935,-47.61,52.935,-47.61,1,3.529,3.174
-23,-14,-23,-14,0,1,-81.167,-44.436,-81.167,-44.436,1,3.529,3.174
-22,-14,-22,-14,0,1,-77.638,-44.436,-77.638,-44.436,1,3.529,3.174
-21,-14,-21,-14,0,1,-74.109,-44.436,-74.109,-44.436,1,3.529,3.174
-20,-14,-20,-14,0,1,-70.58,-44.436,-70.58,-44.436,1,3.529,3.174
-19,-14,-19,-14,0,1,-67.051,-44.436,-67.051,-44.436,1,3.529,3.174
-18,-14,-18,-14,0,1,-63.522,-44.436,-63.522,-44.436,1,3.529,3.174
-17,-14,-17,-14,0,1,-59.993,-44.436,-59.993,-44.436,1,3.529,3.174
-16,-14,-16,-14,0,1,-56.464,-44.436,-56.464,-44.436,1,3.529,3.174
-15,-14,-15,-14,0,1,-52.935,-44.436,-52.935,-44.436,1,3.529,3.174
-14,-14,-14,-14,0,1,-49.406,-44.436,-49.406,-44.436,1,3.529,3.174
-13,-14,-13,-14,0,1,-45.877,-44.436,-45.877,-44.436,1,3.529,3.174
-12,-14,-12,-14,0,1,-42.348,-44.436,-42.348,-44.436,1,3.529,3.174
-11,-14,-11,-14,0,1,-38.819,-44.436,-38.819,-44.436,1,3.529,3.174
-10,-14,-10,-14,0,1,-35.29,-44.436,-35.29,-44.436,1,3.529,3.174
-9,-14,-9,-14,0,1,-31.761,-44.436,-31.761,-44.436,1,3.529,3.174
-8,-14,-8,-14,0,1,-28.232,-44.436,-28.232,-44.436,1,3.529,3.174
-7,-14,-7,-14,0,1,-24.703,-44.436,-24.703,-44.436,1,3.529,3.174
-6,-14,-6,-14,0,1,-21.174,-44.436,-21.174,-44.436,1,3.529,3.174
-5,-14,-5,-14,0,1,-17.645,-44.436,-17.645,-44.436,1,3.529,3.174
-4,-14,-4,-14,0,1,-14.116,-44.436,-14.116,-44.436,1,3.529,3.174
-3,-14,-3,-14,0,1,-10.587,-44.436,-10.587,-44.436,1,3.529,3.174
-2,-14,-2,-14,0,1,-7.058,-44.436,-7.058,-44.436,1,3.529,3.174
-1,-14,-1,-14,0,1,-3.529,-44.436,-3.529,-44.436,1,3.529,3.174
0,-14,0,-14,0,1,0,-44.436,0,-44.436,1,3.529,3.174
1,-14,1,-14,0,1,3.529,-44.436,3.529,-44.436,1,3.529,3.174
2,-14,2,-14,0,1,7.058,-44.436,7.058,-44.436,1,3.529,3.174
3,-14,3,-14,0,1,10.587,-44.436,10.587,-44.436,1,3.529,3.174
4,-14,4,-14,0,1,14.116,-44.436,14.116,-44.436,1,3.529,3.174
5,-14,5,-14,0,1,17.645,-44.436,17.645,-44.436,1,3.529,3.174
6,-14,6,-14,0,1,21.174,-44.436,21.174,-44.436,1,3.529,3.174
7,-14,7,-14,0,1,24.703,-44.436,24.703,-44.436,1,3.529,3.174
8,-14,8,-14,0,1,28.232,-44.436,28.232,-44.436,1,3.529,3.174
9,-14,9,-14,0,1,31.761,-44.436,31.761,-44.436,1,3.529,3.174
10,-14,10,-14,0,1,35.29,-44.436,35.29,-44.436,1,3.529,3.174
11,-14,11,-14,0,1,38.819,-44.436,38.819,-44.436,1,3.529,3.174
12,-14,12,-14,0,1,42.348,-44.436,42.348,-44.436,1,3.529,3.174
13,-14,13,-14,0,1,45.877,-44.436,45.877,-44.436,1,3.529,3.174
14,-14,14,-14,0,1,49.406,-44.436,49.406,-44.436,1,3.529,3.174
15,-14,15,-14,0,1,52.935,-44.436,52.935,-44.436,1,3.529,3.174
-23,-13,-23,-13,0,1,-81.167,-41.262,-81.167,-41.262,1,3.529,3.174
-22,-13,-22,-13,0,1,-77.638,-41.262,-77.638,-41.262,1,3.529,3.174
-21,-13,-21,-13,0,1,-74.109,-41.262,-74.109,-41.262,1,3.529,3.174
-20,-13,-20,-13,0,1,-70.58,-41.262,-70.58,-41.262,1,3.529,3.174
-19,-13,-19,-13,0,1,-67.051,-41.262,-67.051,-41.262,1,3.529,3.174
-18,-13,-18,-13,0,1,-63.522,-41.262,-63.522,-41.262,1,3.529,3.174
-17,-13,-17,-13,0,1,-59.993,-41.262,-59.993,-41.262,1,3.529,3.174
-16,-13,-16,-13,0,1,-56.464,-41.262,-56.464,-41.262,1,3.529,3.174
-15,-13,-15,-13,0,1,-52.935,-41.262,-52.935,-41.262,1,3.529,3.174
-14,-13,-14,-13,0,1,-49.406,-41.262,-49.406,-41.262,1,3.529,3.174
-13,-13,-13,-13,0,1,-45.877,-41.262,-45.877,-41.262,1,3.529,3.174
-12,-13,-12,-13,0,1,-42.348,-41.262,-42.348,-41.262,1,3.529,3.174
-11,-13,-11,-13,0,1,-38.819,-41.262,-38.819,-41.262,1,3.529,3.174
-10,-13,-10,-13,0,1,-35.29,-41.262,-35.29,-41.262,1,3.529,3.174
-9,-13,-9,-13,0,1,-31.761,-41.262,-31.761,-41.262,1,3.529,3.174
-8,-13,-8,-13,0,1,-28.232,-41.262,-28.232,-41.262,1,3.529,3.174
-7,-13,-7,-13,0,1,-24.703,-41.262,-24.703,-41.262,1,3.529,3.174
-6,-13,-6,-13,0,1,-21.174,-41.262,-21.174,-41.262,1,3.529,3.174
-5,-13,-5,-13,0,1,-17.645,-41.262,-17.645,-41.262,1,3.529,3.174
-4,-13,-4,-13,0,1,-14.116,-41.262,-14.116,-41.262,1,3.529,3.174
-3,-13,-3,-13,0,1,-10.587,-41.262,-10.587,-41.262,1,3.529,3.174
-2,-13,-2,-13,0,1,-7.058,-41.262,-7.058,-41.262,1,3.529,3.174
-1,-13,-1,-13,0,1,-3.529,-41.262,-3.529,-41.262,1,3.529,3.174
0,-13,0,-13,0,1,0,-41.262,0,-41.262,1,3.529,3.174
1,-13,1,-13,0,1,3.529,-41.262,3.529,-41.262,1,3.529,3.174
2,-13,2,-13,0,1,7.058,-41.262,7.058,-41.262,1,3.529,3.174
3,-13,3,-13,0,1,10.587,-41.262,10.587,-41.262,1,3.529,3.174
4,-13,4,-13,0,1,14.116,-41.262,14.116,-41.262,1,3.529,3.174
5,-13,5,-13,0,1,17.645,-41.262,17.645,-41.262,1,3.529,3.174
6,-13,6,-13,0,1,21.174,-41.262,21.174,-41.262,1,3.529,3.174
7,-13,7,-13,0,1,24.703,-41.262,24.703,-41.262,1,3.529,3.174
8,-13,8,-13,0,1,28.232,-41.262,28.232,-41.262,1,3.529,3.174
9,-13,9,-13,0,1,31.761,-41.262,31.761,-41.262,1,3.529,3.174
10,-13,10,-13,0,1,35.29,-41.262,35.29,-41.262,1,3.529,3.174
11,-13,11,-13,0,1,38.819,-41.262,38.819,-41.262,1,3.529,3.174
12,-13,12,-13,0,1,42.348,-41.262,42.348,-41.262,1,3.529,3.174
13,-13,13,-13,0,1,45.877,-41.262,45.877,-41.262,1,3.529,3.174
14,-13,14,-13,0,1,49.406,-41.262,49.406,-41.262,1,3.529,3.174
15,-13,15,-13,0,1,52.935,-41.262,52.935,-41.262,1,3.529,3.174
-22,-12,-22,-12,0,1,-77.638,-38.088,-77.638,-38.088,1,3.529,3.174
-21,-12,-21,-12,0,1,-74.109,-38.088,-74.109,-38.088,1,3.529,3.174
-20,-12,-20,-12,0,1,-70.58,-38.088,-70.58,-38.088,1,3.529,3.174
-19,-12,-19,-12,0,1,-67.051,-38.088,-67.051,-38.088,1,3.529,3.174
-18,-12,-18,-12,0,1,-63.522,-38.088,-63.522,-38.088,1,3.529,3.174
-17,-12,-17,-12,0,1,-59.993,-38.088,-59.993,-38.088,1,3.529,3.174
-16,-12,-16,-12,0,1,-56.464,-38.088,-56.464,-38.088,1,3.529,3.174
-15,-12,-15,-12,0,1,-52.935,-38.088,-52.935,-38.088,1,3.529,3.174
-14,-12,-14,-12,0,1,-49.406,-38.088,-49.406,-38.088,1,3.529,3.174
-13,-12,-13,-12,0,1,-45.877,-38.088,-45.877,-38.088,1,3.529,3.174
-12,-12,-12,-12,0,1,-42.348,-38.088,-42.348,-38.088,1,3.529,3.174
-11,-12,-11,-12,0,1,-38.819,-38.088,-38.819,-38.088,1,3.529,3.174
-10,-12,-10,-12,0,1,-35.29,-38.088,-35.29,-38.088,1,3.529,3.174
-9,-12,-9,-12,0,1,-31.761,-38.088,-31.761,-38.088,1,3.529,3.174
-8,-12,-8,-12,0,1,-28.232,-38.088,-28.232,-38.088,1,3.529,3.174
-7,-12,-7,-12,0,1,-24.703,-38.088,-24.703,-38.088,1,3.529,3.174
-6,-12,-6,-12,0,1,-21.174,-38.088,-21.174,-38.088,1,3.529,3.174
-5,-12,-5,-12,0,1,-17.645,-38.088,-17.645,-38.088,1,3.529,3.174
-4,-12,-4,-12,0,1,-14.116,-38.088,-14.116,-38.088,1,3.529,3.174
-3,-12,-3,-12,0,1,-10.587,-38.088,-10.587,-38.088,1,3.529,3.174
-2,-12,-2,-12,0,1,-7.058,-38.088,-7.058,-38.088,1,3.529,3.174
-1,-12,-1,-12,0,1,-3.529,-38.088,-3.529,-38.088,1,3.529,3.174
0,-12,0,-12,0,1,0,-38.088,0,-38.088,1,3.529,3.174
1,-12,1,-12,0,1,3.529,-38.088,3.529,-38.088,1,3.529,3.174
2,-12,2,-12,0,1,7.058,-38.088,7.058,-38.088,1,3.529,3.174
3,-12,3,-12,0,1,10.587,-38.088,10.587,-38.088,1,3.529,3.174
4,-12,4,-12,0,1,14.116,-38.088,14.116,-38.088,1,3.529,3.174
5,-12,5,-12,0,1,17.645,-38.088,17.645,-38.088,1,3.529,3.174
6,-12,6,-12,0,1,21.174,-38.088,21.174,-38.088,1,3.529,3.174
7,-12,7,-12,0,1,24.703,-38.088,24.703,-38.088,1,3.529,3.174
8,-12,8,-12,0,1,28.232,-38.088,28.232,-38.088,1,3.529,3.174
9,-12,9,-12,0,1,31.761,-38.088,31.761,-38.088,1,3.529,3.174
10,-12,10,-12,0,1,35.29,-38.088,35.29,-38.088,1,3.529,3.174
11,-12,11,-12,0,1,38.819,-38.088,38.819,-38.088,1,3.529,3.174
12,-12,12,-12,0,1,42.348,-38.088,42.348,-38.088,1,3.529,3.174
13,-12,13,-12,0,1,45.877,-38.088,45.877,-38.088,1,3.529,3.174
14,-12,14,-12,0,1,49.406,-38.088,49.406,-38.088,1,3.529,3.174
-22,-11,-22,-11,0,1,-77.638,-34.914,-77.638,-34.914,1,3.529,3.174
-21,-11,-21,-11,0,1,-74.109,-34.914,-74.109,-34.914,1,3.529,3.174
-20,-11,-20,-11,0,1,-70.58,-34.914,-70.58,-34.914,1,3.529,3.174
-19,-11,-19,-11,0,1,-67.051,-34.914,-67.051,-34.914,1,3.529,3.174
-18,-11,-18,-11,0,1,-63.522,-34.914,-63.522,-34.914,1,3.529,3.174
-17,-11,-17,-11,0,1,-59.993,-34.914,-59.993,-34.914,1,3.529,3.174
-16,-11,-16,-11,0,1,-56.464,-34.914,-56.464,-34.914,1,3.529,3.174
-15,-11,-15,-11,0,1,-52.935,-34.914,-52.935,-34.914,1,3.529,3.174
-14,-11,-14,-11,0,1,-49.406,-34.914,-49.406,-34.914,1,3.529,3.174
-13,-11,-13,-11,0,1,-45.877,-34.914,-45.877,-34.914,1,3.529,3.174
-12,-11,-12,-11,0,1,-42.348,-34.914,-42.348,-34.914,1,3.529,3.174
-11,-11,-11,-11,0,1,-38.819,-34.914,-38.819,-34.914,1,3.529,3.174
-10,-11,-10,-11,0,1,-35.29,-34.914,-35.29,-34.914,1,3.529,3.174
-9,-11,-9,-11,0,1,-31.761,-34.914,-31.761,-34.914,1,3.529,3.174
-8,-11,-8,-11,0,1,-28.232,-34.914,-28.232,-34.914,1,3.529,3.174
-7,-11,-7,-11,0,1,-24.703,-34.914,-24.703,-34.914,1,3.529,3.174
-6,-11,-6,-11,0,1,-21.174,-34.914,-21.174,-34.914,1,3.529,3.174
-5,-11,-5,-11,0,1,-17.645,-34.914,-17.645,-34.914,1,3.529,3.174
-4,-11,-4,-11,0,1,-14.116,-34.914,-14.116,-34.914,1,3.529,3.174
-3,-11,-3,-11,0,1,-10.587,-34.914,-10.587,-34.914,1,3.529,3.174
-2,-11,-2,-11,0,1,-7.058,-34.914,-7.058,-34.914,1,3.529,3.174
-1,-11,-1,-11,0,1,-3.529,-34.914,-3.529,-34.914,1,3.529,3.174
0,-11,0,-11,0,1,0,-34.914,0,-34.914,1,3.529,3.174
1,-11,1,-11,0,1,3.529,-34.914,3.529,-34.914,1,3.529,3.174
2,-11,2,-11,0,1,7.058,-34.914,7.058,-34.914,1,3.529,3.174
3,-11,3,-11,0,1,10.587,-34.914,10.587,-34.914,1,3.529,3.174
4,-11,4,-11,0,1,14.116,-34.914,14.116,-34.914,1,3.529,3.174
5,-11,5,-11,0,1,17.645,-34.914,17.645,-34.914,1,3.529,3.174
6,-11,6,-11,0,1,21.174,-34.914,21.174,-34.914,1,3.529,3.174
7,-11,7,-11,0,1,24.703,-34.914,24.703,-34.914,1,3.529,3.174
8,-11,8,-11,0,1,28.232,-34.914,28.232,-34.914,1,3.529,3.174
9,-11,9,-11,0,1,31.761,-34.914,31.761,-34.914,1,3.529,3.174
10,-11,10,-11,0,1,35.29,-34.914,35.29,-34.914,1,3.529,3.174
11,-11,11,-11,0,1,38.819,-34.914,38.819,-34.914,1,3.529,3.174
12,-11,12,-11,0,1,42.348,-34.914,42.348,-34.914,1,3.529,3.174
13,-11,13,-11,0,1,45.877,-34.914,45.877,-34.914,1,3.529,3.174
14,-11,14,-11,0,1,49.406,-34.914,49.406,-34.914,1,3.529,3.174
-21,-10,-21,-10,0,1,-74.109,-31.74,-74.109,-31.74,1,3.529,3.174
-20,-10,-20,-10,0,1,-70.58,-31.74,-70.58,-31.74,1,3.529,3.174
-19,-10,-19,-10,0,1,-67.051,-31.74,-67.051,-31.74,1,3.529,3.174
-18,-10,-18,-10,0,1,-63.522,-31.74,-63.522,-31.74,1,3.529,3.174
-17,-10,-17,-10,0,1,-59.993,-31.74,-59.993,-31.74,1,3.529,3.174
-16,-10,-16,-10,0,1,-56.464,-31.74,-56.464,-31.74,1,3.529,3.174
-15,-10,-15,-10,0,1,-52.935,-31.74,-52.935,-31.74,1,3.529,3.174
-14,-10,-14,-10,0,1,-49.406,-31.74,-49.406,-31.74,1,3.529,3.174
-13,-10,-13,-10,0,1,-45.877,-31.74,-45.877,-31.74,1,3.529,3.174
-12,-10,-12,-10,0,1,-42.348,-31.74,-42.348,-31.74,1,3.529,3.174
-11,-10,-11,-10,0,1,-38.819,-31.74,-38.819,-31.74,1,3.529,3.174
-10,-10,-10,-10,0,1,-35.29,-31.74,-35.29,-31.74,1,3.529,3.174
-9,-10,-9,-10,0,1,-31.761,-31.74,-31.761,-31.74,1,3.529,3.174
-8,-10,-8,-10,0,1,-28.232,-31.74,-28.232,-31.74,1,3.529,3.174
-7,-10,-7,-10,0,1,-24.703,-31.74,-24.703,-31.74,1,3.529,3.174
-6,-10,-6,-10,0,1,-21.174,-31.74,-21.174,-31.74,1,3.529,3.174
-5,-10,-5,-10,0,1,-17.645,-31.74,-17.645,-31.74,1,3.529,3.174
-4,-10,-4,-10,0,1,-14.116,-31.74,-14.116,-31.74,1,3.529,3.174
-3,-10,-3,-10,0,1,-10.587,-31.74,-10.587,-31.74,1,3.529,3.174
-2,-10,-2,-10,0,1,-7.058,-31.74,-7.058,-31.74,1,3.529,3.174
-1,-10,-1,-10,0,1,-3.529,-31.74,-3.529,-31.74,1,3.529,3.174
0,-10,0,-10,0,1,0,-31.74,0,-31.74,1,3.529,3.174
1,-10,1,-10,0,1,3.529,-31.74,3.529,-31.74,1,3.529,3.174
2,-10,2,-10,0,1,7.058,-31.74,7.058,-31.74,1,3.529,3.174
3,-10,3,-10,0,1,10.587,-31.74,10.587,-31.74,1,3.529,3.174
4,-10,4,-10,0,1,14.116,-31.74,14.116,-31.74,1,3.529,3.174
5,-10,5,-10,0,1,17.645,-31.74,17.645,-31.74,1,3.529,3.174
6,-10,6,-10,0,1,21.174,-31.74,21.174,-31.74,1,3.529,3.174
7,-10,7,-10,0,1,24.703,-31.74,24.703,-31.74,1,3.529,3.174
8,-10,8,-10,0,1,28.232,-31.74,28.232,-31.74,1,3.529,3.174
9,-10,9,-10,0,1,31.761,-31.74,31.761,-31.74,1,3.529,3.174
10,-10,10,-10,0,1,35.29,-31.74,35.29,-31.74,1,3.529,3.174
11,-10,11,-10,0,1,38.819,-31.74,38.819,-31.74,1,3.529,3.174
12,-10,12,-10,0,1,42.348,-31.74,42.348,-31.74,1,3.529,3.174
13,-10,13,-10,0,1,45.877,-31.74,45.877,-31.74,1,3.529,3.174
-20,-9,-20,-9,0,1,-70.58,-28.566,-70.58,-28.566,1,3.529,3.174
-19,-9,-19,-9,0,1,-67.051,-28.566,-67.051,-28.566,1,3.529,3.174
-18,-9,-18,-9,0,1,-63.522,-28.566,-63.522,-28.566,1,3.529,3.174
-17,-9,-17,-9,0,1,-59.993,-28.566,-59.993,-28.566,1,3.529,3.174
-16,-9,-16,-9,0,1,-56.464,-28.566,-56.464,-28.566,1,3.529,3.174
-15,-9,-15,-9,0,1,-52.935,-28.566,-52.935,-28.566,1,3.529,3.174
-14,-9,-14,-9,0,1,-49.406,-28.566,-49.406,-28.566,1,3.529,3.174
-13,-9,-13,-9,0,1,-45.877,-28.566,-45.877,-28.566,1,3.529,3.174
-12,-9,-12,-9,0,1,-42.348,-28.566,-42.348,-28.566,1,3.529,3.174
-11,-9,-11,-9,0,1,-38.819,-28.566,-38.819,-28.566,1,3.529,3.174
-10,-9,-10,-9,0,1,-35.29,-28.566,-35.29,-28.566,1,3.529,3.174
-9,-9,-9,-9,0,1,-31.761,-28.566,-31.761,-28.566,1,3.529,3.174
-8,-9,-8,-9,0,1,-28.232,-28.566,-28.232,-28.566,1,3.529,3.174
-7,-9,-7,-9,0,1,-24.703,-28.566,-24.703,-28.566,1,3.529,3.174
-6,-9,-6,-9,0,1,-21.174,-28.566,-21.174,-28.566,1,3.529,3.174
-5,-9,-5,-9,0,1,-17.645,-28.566,-17.645,-28.566,1,3.529,3.174
-4,-9,-4,-9,0,1,-14.116,-28.566,-14.116,-28.566,1,3.529,3.174
-3,-9,-3,-9,0,1,-10.587,-28.566,-10.587,-28.566,1,3.529,3.174
-2,-9,-2,-9,0,1,-7.058,-28.566,-7.058,-28.566,1,3.529,3.174
-1,-9,-1,-9,0,1,-3.529,-28.566,-3.529,-28.566,1,3.529,3.174
0,-9,0,-9,0,1,0,-28.566,0,-28.566,1,3.529,3.174
1,-9,1,-9,0,1,3.529,-28.566,3.529,-28.566,1,3.529,3.174
2,-9,2,-9,0,1,7.058,-28.566,7.058,-28.566,1,3.529,3.174
3,-9,3,-9,0,1,10.587,-28.566,10.587,-28.566,1,3.529,3.174
4,-9,4,-9,0,1,14.116,-28.566,14.116,-28.566,1,3.529,3.174
5,-9,5,-9,0,1,17.645,-28.566,17.645,-28.566,1,3.529,3.174
6,-9,6,-9,0,1,21.174,-28.566,21.174,-28.566,1,3.529,3.174
7,-9,7,-9,0,1,24.703,-28.566,24.703,-28.566,1,3.529,3.174
8,-9,8,-9,0,1,28.232,-28.566,28.232,-28.566,1,3.529,3.174
9,-9,9,-9,0,1,31.761,-28.566,31.761,-28.566,1,3.529,3.174
10,-9,10,-9,0,1,35.29,-28.566,35.29,-28.566,1,3.529,3.174
11,-9,11,-9,0,1,38.819,-28.566,38.819,-28.566,1,3.529,3.174
12,-9,12,-9,0,1,42.348,-28.566,42.348,-28.566,1,3.529,3.174
-19,-8,-19,-8,0,1,-67.051,-25.392,-67.051,-25.392,1,3.529,3.174
-18,-8,-18,-8,0,1,-63.522,-25.392,-63.522,-25.392,1,3.529,3.174
-17,-8,-17,-8,0,1,-59.993,-25.392,-59.993,-25.392,1,3.529,3.174
-16,-8,-16,-8,0,1,-56.464,-25.392,-56.464,-25.392,1,3.529,3.174
-15,-8,-15,-8,0,1,-52.935,-25.392,-52.935,-25.392,1,3.529,3.174
-14,-8,-14,-8,0,1,-49.406,-25.392,-49.406,-25.392,1,3.529,3.174
-13,-8,-13,-8,0,1,-45.877,-25.392,-45.877,-25.392,1,3.529,3.174
-12,-8,-12,-8,0,1,-42.348,-25.392,-42.348,-25.392,1,3.529,3.174
-11,-8,-11,-8,0,1,-38.819,-25.392,-38.819,-25.392,1,3.529,3.174
-10,-8,-10,-8,0,1,-35.29,-25.392,-35.29,-25.392,1,3.529,3.174
-9,-8,-9,-8,0,1,-31.761,-25.392,-31.761,-25.392,1,3.529,3.174
-8,-8,-8,-8,0,1,-28.232,-25.392,-28.232,-25.392,1,3.529,3.174
-7,-8,-7,-8,0,1,-24.703,-25.392,-24.703,-25.392,1,3.529,3.174
-6,-8,-6,-8,0,1,-21.174,-25.392,-21.174,-25.392,1,3.529,3.174
-5,-8,-5,-8,0,1,-17.645,-25.392,-17.645,-25.392,1,3.529,3.174
-4,-8,-4,-8,0,1,-14.116,-25.392,-14.116,-25.392,1,3.529,3.174
-3,-8,-3,-8,0,1,-10.587,-25.392,-10.587,-25.392,1,3.529,3.174
-2,-8,-2,-8,0,1,-7.058,-25.392,-7.058,-25.392,1,3.529,3.174
-1,-8,-1,-8,0,1,-3.529,-25.392,-3.529,-25.392,1,3.529,3.174
0,-8,0,-8,0,1,0,-25.392,0,-25.392,1,3.529,3.174
1,-8,1,-8,0,1,3.529,-25.392,3.529,-25.392,1,3.529,3.174
2,-8,2,-8,0,1,7.058,-25.392,7.058,-25.392,1,3.529,3.174
3,-8,3,-8,0,1,10.587,-25.392,10.587,-25.392,1,3.529,3.174
4,-8,4,-8,0,1,14.116,-25.392,14.116,-25.392,1,3.529,3.174
5,-8,5,-8,0,1,17.645,-25.392,17.645,-25.392,1,3.529,3.174
6,-8,6,-8,0,1,21.174,-25.392,21.174,-25.392,1,3.529,3.174
7,-8,7,-8,0,1,24.703,-25.392,24.703,-25.392,1,3.529,3.174
8,-8,8,-8,0,1,28.232,-25.392,28.232,-25.392,1,3.529,3.174
9,-8,9,-8,0,1,31.761,-25.392,31.761,-25.392,1,3.529,3.174
10,-8,10,-8,0,1,35.29,-25.392,35.29,-25.392,1,3.529,3.174
11,-8,11,-8,0,1,38.819,-25.392,38.819,-25.392,1,3.529,3.174
12,-8,12,-8,0,1,42.348,-25.392,42.348,-25.392,1,3.529,3.174
-19,-7,-19,-7,0,1,-67.051,-22.218,-67.051,-22.218,1,3.529,3.174
-18,-7,-18,-7,0,1,-63.522,-22.218,-63.522,-22.218,1,3.529,3.174
-17,-7,-17,-7,0,1,-59.993,-22.218,-59.993,-22.218,1,3.529,3.174
-16,-7,-16,-7,0,1,-56.464,-22.218,-56.464,-22.218,1,3.529,3.174
-15,-7,-15,-7,0,1,-52.935,-22.218,-52.935,-22.218,1,3.529,3.174
-14,-7,-14,-7,0,1,-49.406,-22.218,-49.406,-22.218,1,3.529,3.174
-13,-7,-13,-7,0,1,-45.877,-22.218,-45.877,-22.218,1,3.529,3.174
-12,-7,-12,-7,0,1,-42.348,-22.218,-42.348,-22.218,1,3.529,3.174
-11,-7,-11,-7,0,1,-38.819,-22.218,-38.819,-22.218,1,3.529,3.174
-10,-7,-10,-7,0,1,-35.29,-22.218,-35.29,-22.218,1,3.529,3.174
-9,-7,-9,-7,0,1,-31.761,-22.218,-31.761,-22.218,1,3.529,3.174
-8,-7,-8,-7,0,1,-28.232,-22.218,-28.232,-22.218,1,3.529,3.174
-7,-7,-7,-7,0,1,-24.703,-22.218,-24.703,-22.218,1,3.529,3.174
-6,-7,-6,-7,0,1,-21.174,-22.218,-21.174,-22.218,1,3.529,3.174
-5,-7,-5,-7,0,1,-17.645,-22.218,-17.645,-22.218,1,3.529,3.174
-4,-7,-4,-7,0,1,-14.116,-22.218,-14.116,-22.218,1,3.529,3.174
-3,-7,-3,-7,0,1,-10.587,-22.218,-10.587,-22.218,1,3.529,3.174
-2,-7,-2,-7,0,1,-7.058,-22.218,-7.058,-22.218,1,3.529,3.174
-1,-7,-1,-7,0,1,-3.529,-22.218,-3.529,-22.218,1,3.529,3.174
0,-7,0,-7,0,1,0,-22.218,0,-22.218,1,3.529,3.174
1,-7,1,-7,0,1,3.529,-22.218,3.529,-22.218,1,3.529,3.174
2,-7,2,-7,0,1,7.058,-22.218,7.058,-22.218,1,3.529,3.174
3,-7,3,-7,0,1,10.587,-22.218,10.587,-22.218,1,3.529,3.174
4,-7,4,-7,0,1,14.116,-22.218,14.116,-22.218,1,3.529,3.174
5,-7,5,-7,0,1,17.645,-22.218,17.645,-22.218,1,3.529,3.174
6,-7,6,-7,0,1,21.174,-22.218,21.174,-22.218,1,3.529,3.174
7,-7,7,-7,0,1,24.703,-22.218,24.703,-22.218,1,3.529,3.174
8,-7,8,-7,0,1,28.232,-22.218,28.232,-22.218,1,3.529,3.174
9,-7,9,-7,0,1,31.761,-22.218,31.761,-22.218,1,3.529,3.174
10,-7,10,-7,0,1,35.29,-22.218,35.29,-22.218,1,3.529,3.174
11,-7,11,-7,0,1,38.819,-22.218,38.819,-22.218,1,3.529,3.174
12,-7,12,-7,0,1,42.348,-22.218,42.348,-22.218,1,3.529,3.174
-18,-6,-18,-6,0,1,-63.522,-19.044,-63.522,-19.044,1,3.529,3.174
-17,-6,-17,-6,0,1,-59.993,-19.044,-59.993,-19.044,1,3.529,3.174
-16,-6,-16,-6,0,1,-56.464,-19.044,-56.464,-19.044,1,3.529,3.174
-15,-6,-15,-6,0,1,-52.935,-19.044,-52.935,-19.044,1,3.529,3.174
-14,-6,-14,-6,0,1,-49.406,-19.044,-49.406,-19.044,1,3.529,3.174
-13,-6,-13,-6,0,1,-45.877,-19.044,-45.877,-19.044,1,3.529,3.174
-12,-6,-12,-6,0,1,-42.348,-19.044,-42.348,-19.044,1,3.529,3.174
-11,-6,-11,-6,0,1,-38.819,-19.044,-38.819,-19.044,1,3.529,3.174
-10,-6,-10,-6,0,1,-35.29,-19.044,-35.29,-19.044,1,3.529,3.174
-9,-6,-9,-6,0,1,-31.761,-19.044,-31.761,-19.044,1,3.529,3.174
-8,-6,-8,-6,0,1,-28.232,-19.044,-28.232,-19.044,1,3.529,3.174
-7,-6,-7,-6,0,1,-24.703,-19.044,-24.703,-19.044,1,3.529,3.174
-6,-6,-6,-6,0,1,-21.174,-19.044,-21.174,-19.044,1,3.529,3.174
-5,-6,-5,-6,0,1,-17.645,-19.044,-17.645,-19.044,1,3.529,3.174
-4,-6,-4,-6,0,1,-14.116,-19.044,-14.116,-19.044,1,3.529,3.174
-3,-6,-3,-6,0,1,-10.587,-19.044,-10.587,-19.044,1,3.529,3.174
-2,-6,-2,-6,0,1,-7.058,-19.044,-7.058,-19.044,1,3.529,3.174
-1,-6,-1,-6,0,1,-3.529,-19.044,-3.529,-19.044,1,3.529,3.174
0,-6,0,-6,0,1,0,-19.044,0,-19.044,1,3.529,3.174
1,-6,1,-6,0,1,3.529,-19.044,3.529,-19.044,1,3.529,3.174
2,-6,2,-6,0,1,7.058,-19.044,7.058,-19.044,1,3.529,3.174
3,-6,3,-6,0,1,10.587,-19.044,10.587,-19.044,1,3.529,3.174
4,-6,4,-6,0,1,14.116,-19.044,14.116,-19.044,1,3.529,3.174
5,-6,5,-6,0,1,17.645,-19.044,17.645,-19.044,1,3.529,3.174
6,-6,6,-6,0,1,21.174,-19.044,21.174,-19.044,1,3.529,3.174
7,-6,7,-6,0,1,24.703,-19.044,24.703,-19.044,1,3.529,3.174
8,-6,8,-6,0,1,28.232,-19.044,28.232,-19.044,1,3.529,3.174
9,-6,9,-6,0,1,31.761,-19.044,31.761,-19.044,1,3.529,3.174
10,-6,10,-6,0,1,35.29,-19.044,35.29,-19.044,1,3.529,3.174
11,-6,11,-6,0,1,38.819,-19.044,38.819,-19.044,1,3.529,3.174
-16,-5,-16,-5,0,1,-56.464,-15.87,-56.464,-15.87,1,3.529,3.174
-15,-5,-15,-5,0,1,-52.935,-15.87,-52.935,-15.87,1,3.529,3.174
-14,-5,-14,-5,0,1,-49.406,-15.87,-49.406,-15.87,1,3.529,3.174
-13,-5,-13,-5,0,1,-45.877,-15.87,-45.877,-15.87,1,3.529,3.174
-12,-5,-12,-5,0,1,-42.348,-15.87,-42.348,-15.87,1,3.529,3.174
-11,-5,-11,-5,0,1,-38.819,-15.87,-38.819,-15.87,1,3.529,3.174
-10,-5,-10,-5,0,1,-35.29,-15.87,-35.29,-15.87,1,3.529,3.174
-9,-5,-9,-5,0,1,-31.761,-15.87,-31.761,-15.87,1,3.529,3.174
-8,-5,-8,-5,0,1,-28.232,-15.87,-28.232,-15.87,1,3.529,3.174
-7,-5,-7,-5,0,1,-24.703,-15.87,-24.703,-15.87,1,3.529,3.174
-6,-5,-6,-5,0,1,-21.174,-15.87,-21.174,-15.87,1,3.529,3.174
-5,-5,-5,-5,0,1,-17.645,-15.87,-17.645,-15.87,1,3.529,3.174
-4,-5,-4,-5,0,1,-14.116,-15.87,-14.116,-15.87,1,3.529,3.174
-3,-5,-3,-5,0,1,-10.587,-15.87,-10.587,-15.87,1,3.529,3.174
-2,-5,-2,-5,0,1,-7.058,-15.87,-7.058,-15.87,1,3.529,3.174
-1,-5,-1,-5,0,1,-3.529,-15.87,-3.529,-15.87,1,3.529,3.174
0,-5,0,-5,0,1,0,-15.87,0,-15.87,1,3.529,3.174
1,-5,1,-5,0,1,3.529,-15.87,3.529,-15.87,1,3.529,3.174
2,-5,2,-5,0,1,7.058,-15.87,7.058,-15.87,1,3.529,3.174
3,-5,3,-5,0,1,10.587,-15.87,10.587,-15.87,1,3.529,3.174
4,-5,4,-5,0,1,14.116,-15.87,14.116,-15.87,1,3.529,3.174
5,-5,5,-5,0,1,17.645,-15.87,17.645,-15.87,1,3.529,3.174
6,-5,6,-5,0,1,21.174,-15.87,21.174,-15.87,1,3.529,3.174
7,-5,7,-5,0,1,24.703,-15.87,24.703,-15.87,1,3.529,3.174
8,-5,8,-5,0,1,28.232,-15.87,28.232,-15.87,1,3.529,3.174
9,-5,9,-5,0,1,31.761,-15.87,31.761,-15.87,1,3.529,3.174
-16,-4,-16,-4,0,1,-56.464,-12.696,-56.464,-12.696,1,3.529,3.174
-15,-4,-15,-4,0,1,-52.935,-12.696,-52.935,-12.696,1,3.529,3.174
-14,-4,-14,-4,0,1,-49.406,-12.696,-49.406,-12.696,1,3.529,3.174
-13,-4,-13,-4,0,1,-45.877,-12.696,-45.877,-12.696,1,3.529,3.174
-12,-4,-12,-4,0,1,-42.348,-12.696,-42.348,-12.696,1,3.529,3.174
-11,-4,-11,-4,0,1,-38.819,-12.696,-38.819,-12.696,1,3.529,3.174
-10,-4,-10,-4,0,1,-35.29,-12.696,-35.29,-12.696,1,3.529,3.174
-9,-4,-9,-4,0,1,-31.761,-12.696,-31.761,-12.696,1,3.529,3.174
-8,-4,-8,-4,0,1,-28.232,-12.696,-28.232,-12.696,1,3.529,3.174
-7,-4,-7,-4,0,1,-24.703,-12.696,-24.703,-12.696,1,3.529,3.174
-6,-4,-6,-4,0,1,-21.174,-12.696,-21.174,-12.696,1,3.529,3.174
-5,-4,-5,-4,0,1,-17.645,-12.696,-17.645,-12.696,1,3.529,3.174
-4,-4,-4,-4,0,1,-14.116,-12.696,-14.116,-12.696,1,3.529,3.174
-3,-4,-3,-4,0,1,-10.587,-12.696,-10.587,-12.696,1,3.529,3.174
-2,-4,-2,-4,0,1,-7.058,-12.696,-7.058,-12.696,1,3.529,3.174
-1,-4,-1,-4,0,1,-3.529,-12.696,-3.529,-12.696,1,3.529,3.174
0,-4,0,-4,0,1,0,-12.696,0,-12.696,1,3.529,3.174
1,-4,1,-4,0,1,3.529,-12.696,3.529,-12.696,1,3.529,3.174
2,-4,2,-4,0,1,7.058,-12.696,7.058,-12.696,1,3.529,3.174
3,-4,3,-4,0,1,10.587,-12.696,10.587,-12.696,1,3.529,3.174
4,-4,4,-4,0,1,14.116,-12.696,14.116,-12.696,1,3.529,3.174
5,-4,5,-4,0,1,17.645,-12.696,17.645,-12.696,1,3.529,3.174
6,-4,6,-4,0,1,21.174,-12.696,21.174,-12.696,1,3.529,3.174
7,-4,7,-4,0,1,24.703,-12.696,24.703,-12.696,1,3.529,3.174
8,-4,8,-4,0,1,28.232,-12.696,28.232,-12.696,1,3.529,3.174
9,-4,9,-4,0,1,31.761,-12.696,31.761,-12.696,1,3.529,3.174
-16,-3,-16,-3,0,1,-56.464,-9.522,-56.464,-9.522,1,3.529,3.174
-15,-3,-15,-3,0,1,-52.935,-9.522,-52.935,-9.522,1,3.529,3.174
-14,-3,-14,-3,0,1,-49.406,-9.522,-49.406,-9.522,1,3.529,3.174
-13,-3,-13,-3,0,1,-45.877,-9.522,-45.877,-9.522,1,3.529,3.174
-12,-3,-12,-3,0,1,-42.348,-9.522,-42.348,-9.522,1,3.529,3.174
-11,-3,-11,-3,0,1,-38.819,-9.522,-38.819,-9.522,1,3.529,3.174
-10,-3,-10,-3,0,1,-35.29,-9.522,-35.29,-9.522,1,3.529,3.174
-9,-3,-9,-3,0,1,-31.761,-9.522,-31.761,-9.522,1,3.529,3.174
-8,-3,-8,-3,0,1,-28.232,-9.522,-28.232,-9.522,1,3.529,3.174
-7,-3,-7,-3,0,1,-24.703,-9.522,-24.703,-9.522,1,3.529,3.174
-6,-3,-6,-3,0,1,-21.174,-9.522,-21.174,-9.522,1,3.529,3.174
-5,-3,-5,-3,0,1,-17.645,-9.522,-17.645,-9.522,1,3.529,3.174
-4,-3,-4,-3,0,1,-14.116,-9.522,-14.116,-9.522,1,3.529,3.174
-3,-3,-3,-3,0,1,-10.587,-9.522,-10.587,-9.522,1,3.529,3.174
-2,-3,-2,-3,0,1,-7.058,-9.522,-7.058,-9.522,1,3.529,3.174
-1,-3,-1,-3,0,1,-3.529,-9.522,-3.529,-9.522,1,3.529,3.174
0,-3,0,-3,0,1,0,-9.522,0,-9.522,1,3.529,3.174
1,-3,1,-3,0,1,3.529,-9.522,3.529,-9.522,1,3.529,3.174
2,-3,2,-3,0,1,7.058,-9.522,7.058,-9.522,1,3.529,3.174
3,-3,3,-3,0,1,10.587,-9.522,10.587,-9.522,1,3.529,3.174
4,-3,4,-3,0,1,14.116,-9.522,14.116,-9.522,1,3.529,3.174
5,-3,5,-3,0,1,17.645,-9.522,17.645,-9.522,1,3.529,3.174
6,-3,6,-3,0,1,21.174,-9.522,21.174,-9.522,1,3.529,3.174
7,-3,7,-3,0,1,24.703,-9.522,24.703,-9.522,1,3.529,3.174
8,-3,8,-3,0,1,28.232,-9.522,28.232,-9.522,1,3.529,3.174
-8,-2,-8,-2,0,1,-28.232,-6.348,-28.232,-6.348,1,3.529,3.174
-7,-2,-7,-2,0,1,-24.703,-6.348,-24.703,-6.348,1,3.529,3.174
-6,-2,-6,-2,0,1,-21.174,-6.348,-21.174,-6.348,1,3.529,3.174
-5,-2,-5,-2,0,1,-17.645,-6.348,-17.645,-6.348,1,3.529,3.174
-4,-2,-4,-2,0,1,-14.116,-6.348,-14.116,-6.348,1,3.529,3.174
-3,-2,-3,-2,0,1,-10.587,-6.348,-10.587,-6.348,1,3.529,3.174
-2,-2,-2,-2,0,1,-7.058,-6.348,-7.058,-6.348,1,3.529,3.174
-1,-2,-1,-2,0,1,-3.529,-6.348,-3.529,-6.348,1,3.529,3.174
0,-2,0,-2,0,1,0,-6.348,0,-6.348,1,3.529,3.174
-14,-2,-14,-2,0,1,-49.406,-6.348,-49.406,-6.348,1,3.529,3.174
-13,-2,-13,-2,0,1,-45.877,-6.348,-45.877,-6.348,1,3.529,3.174
-12,-2,-12,-2,0,1,-42.348,-6.348,-42.348,-6.348,1,3.529,3.174
-11,-2,-11,-2,0,1,-38.819,-6.348,-38.819,-6.348,1,3.529,3.174
-10,-2,-10,-2,0,1,-35.29,-6.348,-35.29,-6.348,1,3.529,3.174
-9,-2,-9,-2,0,1,-31.761,-6.348,-31.761,-6.348,1,3.529,3.174
1,-2,1,-2,0,1,3.529,-6.348,3.529,-6.348,1,3.529,3.174
2,-2,2,-2,0,1,7.058,-6.348,7.058,-6.348,1,3.529,3.174
3,-2,3,-2,0,1,10.587,-6.348,10.587,-6.348,1,3.529,3.174
4,-2,4,-2,0,1,14.116,-6.348,14.116,-6.348,1,3.529,3.174
5,-2,5,-2,0,1,17.645,-6.348,17.645,-6.348,1,3.529,3.174
6,-2,6,-2,0,1,21.174,-6.348,21.174,-6.348,1,3.529,3.174
7,-2,7,-2,0,1,24.703,-6.348,24.703,-6.348,1,3.529,3.174
-8,-1,-8,-1,0,1,-28.232,-3.174,-28.232,-3.174,1,3.529,3.174
-7,-1,-7,-1,0,1,-24.703,-3.174,-24.703,-3.174,1,3.529,3.174
-6,-1,-6,-1,0,1,-21.174,-3.174,-21.174,-3.174,1,3.529,3.174
-5,-1,-5,-1,0,1,-17.645,-3.174,-17.645,-3.174,1,3.529,3.174
-4,-1,-4,-1,0,1,-14.116,-3.174,-14.116,-3.174,1,3.529,3.174
-3,-1,-3,-1,0,1,-10.587,-3.174,-10.587,-3.174,1,3.529,3.174
-2,-1,-2,-1,0,1,-7.058,-3.174,-7.058,-3.174,1,3.529,3.174
-1,-1,-1,-1,0,1,-3.529,-3.174,-3.529,-3.174,1,3.529,3.174
0,-1,0,-1,0,1,0,-3.174,0,-3.174,1,3.529,3.174
-8,0,-8,0,0,1,-28.232,0,-28.232,0,1,3.529,3.174
-7,0,-7,0,0,1,-24.703,0,-24.703,0,1,3.529,3.174
-6,0,-6,0,0,1,-21.174,0,-21.174,0,1,3.529,3.174
-5,0,-5,0,0,1,-17.645,0,-17.645,0,1,3.529,3.174
-4,0,-4,0,0,1,-14.116,0,-14.116,0,1,3.529,3.174
-3,0,-3,0,0,1,-10.587,0,-10.587,0,1,3.529,3.174
-2,0,-2,0,0,1,-7.058,0,-7.058,0,1,3.529,3.174
-1,0,-1,0,0,1,-3.529,0,-3.529,0,1,3.529,3.174
0,0,0,0,0,1,0,0,0,0,1,3.529,3.174
